run_id,case_id,generation_mode,trial_id,provider,provider_mode,scientific_llm_evidence,performance_evidence_scope,model,prompt_sha256,request_hash,raw_response_hash,parsed_plan_hash,cache_key,cache_hit,initial_json_valid,final_json_valid,initial_plan_valid,final_plan_valid,repair_rate,repair_count,provider_failure,artifact_dir
stub_frozen_20260721,ref_fp2_p01_amplifier,deepseek_refinement,trial_01,deepseek-stub-v1,STUB,False,SOFTWARE_INTEGRATION_ONLY,deepseek-stub-v1,cb9c29f3d3ca93f4493c1477069d1b513996131143215817af0cdaf311c27d07,ae28f5c2cb388ce958c0b6f5566655f464dc15820d68565a72b829e674413c67,bb893d96120baa29925a8127355dcbc3e01c952b9e39915ae88987b6fdf5faaa,e6e9f27463d137c9d5d9fd35ead539a252c526a34c5b4efe8d0e48a0e66b1c27,744ae02b72ac2935e5713350b4cc8954b84489405e943bd92f4e373e59c3a45c,False,True,True,True,True,False,0,False,E:\my_organisation\Memoire Maruba\code\Spec2Testbench\artifacts\llm_deepseek\stub_frozen_20260721\ref_fp2_p01_amplifier\deepseek_refinement\trial_01
stub_frozen_20260721,ref_fp2_p01_amplifier,deepseek_refinement,trial_02,deepseek-stub-v1,STUB,False,SOFTWARE_INTEGRATION_ONLY,deepseek-stub-v1,cb9c29f3d3ca93f4493c1477069d1b513996131143215817af0cdaf311c27d07,ae28f5c2cb388ce958c0b6f5566655f464dc15820d68565a72b829e674413c67,bb893d96120baa29925a8127355dcbc3e01c952b9e39915ae88987b6fdf5faaa,e6e9f27463d137c9d5d9fd35ead539a252c526a34c5b4efe8d0e48a0e66b1c27,6f112a88cb6aeaace5194cbfed81a700370572721d93e5c7a82c104bfb1c31c2,False,True,True,True,True,False,0,False,E:\my_organisation\Memoire Maruba\code\Spec2Testbench\artifacts\llm_deepseek\stub_frozen_20260721\ref_fp2_p01_amplifier\deepseek_refinement\trial_02
stub_frozen_20260721,ref_fp2_p01_amplifier,deepseek_refinement,trial_03,deepseek-stub-v1,STUB,False,SOFTWARE_INTEGRATION_ONLY,deepseek-stub-v1,cb9c29f3d3ca93f4493c1477069d1b513996131143215817af0cdaf311c27d07,ae28f5c2cb388ce958c0b6f5566655f464dc15820d68565a72b829e674413c67,bb893d96120baa29925a8127355dcbc3e01c952b9e39915ae88987b6fdf5faaa,e6e9f27463d137c9d5d9fd35ead539a252c526a34c5b4efe8d0e48a0e66b1c27,60a1d7511caae14d93925828378603e4fc470576e7ad42914fd3a6bc5f8758c2,False,True,True,True,True,False,0,False,E:\my_organisation\Memoire Maruba\code\Spec2Testbench\artifacts\llm_deepseek\stub_frozen_20260721\ref_fp2_p01_amplifier\deepseek_refinement\trial_03
stub_frozen_20260721,ref_fp2_p05_amplifier,deepseek_refinement,trial_01,deepseek-stub-v1,STUB,False,SOFTWARE_INTEGRATION_ONLY,deepseek-stub-v1,cb9c29f3d3ca93f4493c1477069d1b513996131143215817af0cdaf311c27d07,3cecbf358600e9d0ca41f565243d157b4a5be4c165adb3ab3616b9361513a009,7bc97d4a24656e104c832b797f597957183366ecb6a19105f8edfb6477380f74,7c046d11fb07036d6def6536e6bf1c58dea8cf496d27b7d1ac550b820e1623ab,06761468bd6eae456e99ddfe64b5f439b76ec57f5467daf12cdf8f0e6ed4de6d,False,True,True,True,True,False,0,False,E:\my_organisation\Memoire Maruba\code\Spec2Testbench\artifacts\llm_deepseek\stub_frozen_20260721\ref_fp2_p05_amplifier\deepseek_refinement\trial_01
stub_frozen_20260721,ref_fp2_p05_amplifier,deepseek_refinement,trial_02,deepseek-stub-v1,STUB,False,SOFTWARE_INTEGRATION_ONLY,deepseek-stub-v1,cb9c29f3d3ca93f4493c1477069d1b513996131143215817af0cdaf311c27d07,3cecbf358600e9d0ca41f565243d157b4a5be4c165adb3ab3616b9361513a009,7bc97d4a24656e104c832b797f597957183366ecb6a19105f8edfb6477380f74,7c046d11fb07036d6def6536e6bf1c58dea8cf496d27b7d1ac550b820e1623ab,b188847a0875cd22006d59433f52d2f4492621ec2dbb5736542272a86176b502,False,True,True,True,True,False,0,False,E:\my_organisation\Memoire Maruba\code\Spec2Testbench\artifacts\llm_deepseek\stub_frozen_20260721\ref_fp2_p05_amplifier\deepseek_refinement\trial_02
stub_frozen_20260721,ref_fp2_p05_amplifier,deepseek_refinement,trial_03,deepseek-stub-v1,STUB,False,SOFTWARE_INTEGRATION_ONLY,deepseek-stub-v1,cb9c29f3d3ca93f4493c1477069d1b513996131143215817af0cdaf311c27d07,3cecbf358600e9d0ca41f565243d157b4a5be4c165adb3ab3616b9361513a009,7bc97d4a24656e104c832b797f597957183366ecb6a19105f8edfb6477380f74,7c046d11fb07036d6def6536e6bf1c58dea8cf496d27b7d1ac550b820e1623ab,69982433587f8a425763975c6109c497efd1433be768124239cda29cfa71c2be,False,True,True,True,True,False,0,False,E:\my_organisation\Memoire Maruba\code\Spec2Testbench\artifacts\llm_deepseek\stub_frozen_20260721\ref_fp2_p05_amplifier\deepseek_refinement\trial_03
stub_frozen_20260721,ref_fp2_p17_currentmirror,deepseek_refinement,trial_01,deepseek-stub-v1,STUB,False,SOFTWARE_INTEGRATION_ONLY,deepseek-stub-v1,cb9c29f3d3ca93f4493c1477069d1b513996131143215817af0cdaf311c27d07,7e1b8e3e42ebffdde65f4ba2c1a51172eb4abbdb0be79b7267feb3d84a31fc22,7f605b7b607a562dce5cd314c069816b901f91c32aea702de9c38596d7a81cda,b5824634bedfc7274e03883c7c4c26dd28f1a0c933a169188d3b1d199b1bbde8,40a2d3b110ccb80f77cb6852b0dab85270fa3c7431fe48df19ba6f01c090f290,False,True,True,True,True,False,0,False,E:\my_organisation\Memoire Maruba\code\Spec2Testbench\artifacts\llm_deepseek\stub_frozen_20260721\ref_fp2_p17_currentmirror\deepseek_refinement\trial_01
stub_frozen_20260721,ref_fp2_p17_currentmirror,deepseek_refinement,trial_02,deepseek-stub-v1,STUB,False,SOFTWARE_INTEGRATION_ONLY,deepseek-stub-v1,cb9c29f3d3ca93f4493c1477069d1b513996131143215817af0cdaf311c27d07,7e1b8e3e42ebffdde65f4ba2c1a51172eb4abbdb0be79b7267feb3d84a31fc22,7f605b7b607a562dce5cd314c069816b901f91c32aea702de9c38596d7a81cda,b5824634bedfc7274e03883c7c4c26dd28f1a0c933a169188d3b1d199b1bbde8,28f4c1956435d2bf15d3710961b261742e0ba2761e1c25d974835792f67225eb,False,True,True,True,True,False,0,False,E:\my_organisation\Memoire Maruba\code\Spec2Testbench\artifacts\llm_deepseek\stub_frozen_20260721\ref_fp2_p17_currentmirror\deepseek_refinement\trial_02
stub_frozen_20260721,ref_fp2_p17_currentmirror,deepseek_refinement,trial_03,deepseek-stub-v1,STUB,False,SOFTWARE_INTEGRATION_ONLY,deepseek-stub-v1,cb9c29f3d3ca93f4493c1477069d1b513996131143215817af0cdaf311c27d07,7e1b8e3e42ebffdde65f4ba2c1a51172eb4abbdb0be79b7267feb3d84a31fc22,7f605b7b607a562dce5cd314c069816b901f91c32aea702de9c38596d7a81cda,b5824634bedfc7274e03883c7c4c26dd28f1a0c933a169188d3b1d199b1bbde8,6efdb416b59816b22275fb470c9dc4c9c70081887b4b4b1abb07cf034144d88e,False,True,True,True,True,False,0,False,E:\my_organisation\Memoire Maruba\code\Spec2Testbench\artifacts\llm_deepseek\stub_frozen_20260721\ref_fp2_p17_currentmirror\deepseek_refinement\trial_03
stub_frozen_20260721,ref_fp2_p16_opamp,deepseek_refinement,trial_01,deepseek-stub-v1,STUB,False,SOFTWARE_INTEGRATION_ONLY,deepseek-stub-v1,cb9c29f3d3ca93f4493c1477069d1b513996131143215817af0cdaf311c27d07,bc1fce9f4638b5b92ef4a26dca78a429deddbd0602c6c3dbd2ca79ed6289a53c,79e11d47b970170c554e769d9cff97aac13067248e7c2e26c2572b05494d5e66,e51c16aed9ae97e6cde7efd4f915172bdd3f24d8f384e1bd5c0f54629d03a38a,92c868b9e8c6ea8d4b8da6cb402e84854304bd415f1e3d6f77c30f0de6f6f239,False,True,True,True,True,False,0,False,E:\my_organisation\Memoire Maruba\code\Spec2Testbench\artifacts\llm_deepseek\stub_frozen_20260721\ref_fp2_p16_opamp\deepseek_refinement\trial_01
stub_frozen_20260721,ref_fp2_p16_opamp,deepseek_refinement,trial_02,deepseek-stub-v1,STUB,False,SOFTWARE_INTEGRATION_ONLY,deepseek-stub-v1,cb9c29f3d3ca93f4493c1477069d1b513996131143215817af0cdaf311c27d07,bc1fce9f4638b5b92ef4a26dca78a429deddbd0602c6c3dbd2ca79ed6289a53c,79e11d47b970170c554e769d9cff97aac13067248e7c2e26c2572b05494d5e66,e51c16aed9ae97e6cde7efd4f915172bdd3f24d8f384e1bd5c0f54629d03a38a,ea2250eed9127d4c81694d1fe9803c8d0c1c7646fa2dd97be937290942fba0c2,False,True,True,True,True,False,0,False,E:\my_organisation\Memoire Maruba\code\Spec2Testbench\artifacts\llm_deepseek\stub_frozen_20260721\ref_fp2_p16_opamp\deepseek_refinement\trial_02
stub_frozen_20260721,ref_fp2_p16_opamp,deepseek_refinement,trial_03,deepseek-stub-v1,STUB,False,SOFTWARE_INTEGRATION_ONLY,deepseek-stub-v1,cb9c29f3d3ca93f4493c1477069d1b513996131143215817af0cdaf311c27d07,bc1fce9f4638b5b92ef4a26dca78a429deddbd0602c6c3dbd2ca79ed6289a53c,79e11d47b970170c554e769d9cff97aac13067248e7c2e26c2572b05494d5e66,e51c16aed9ae97e6cde7efd4f915172bdd3f24d8f384e1bd5c0f54629d03a38a,335eafaa0a62b11a46f1d3d267de98c5ad9fc2f17d16fd10e8992cc8eba8502d,False,True,True,True,True,False,0,False,E:\my_organisation\Memoire Maruba\code\Spec2Testbench\artifacts\llm_deepseek\stub_frozen_20260721\ref_fp2_p16_opamp\deepseek_refinement\trial_03
stub_frozen_20260721,ref_fp2_p20_opamp,deepseek_refinement,trial_01,deepseek-stub-v1,STUB,False,SOFTWARE_INTEGRATION_ONLY,deepseek-stub-v1,cb9c29f3d3ca93f4493c1477069d1b513996131143215817af0cdaf311c27d07,e6c6aaf1640147285b2e2f8812df307587e23f07650f04c4ba6548a890d913f4,78f741f9ae14a9f044febb468648b99bd9f1cebb5e54c7b59857937e54e2205a,e902d199051f57612e366cf834e2de9fb83b466dd6db2a3d8b67c9a43d272bf3,024a0a5990bd791298ad67d2793502232d9d2c703030f659bbf1c6e508d652e1,False,True,True,True,True,False,0,False,E:\my_organisation\Memoire Maruba\code\Spec2Testbench\artifacts\llm_deepseek\stub_frozen_20260721\ref_fp2_p20_opamp\deepseek_refinement\trial_01
stub_frozen_20260721,ref_fp2_p20_opamp,deepseek_refinement,trial_02,deepseek-stub-v1,STUB,False,SOFTWARE_INTEGRATION_ONLY,deepseek-stub-v1,cb9c29f3d3ca93f4493c1477069d1b513996131143215817af0cdaf311c27d07,e6c6aaf1640147285b2e2f8812df307587e23f07650f04c4ba6548a890d913f4,78f741f9ae14a9f044febb468648b99bd9f1cebb5e54c7b59857937e54e2205a,e902d199051f57612e366cf834e2de9fb83b466dd6db2a3d8b67c9a43d272bf3,54084945df20fe3d1da470659bd6266da265da0edaabf05c642e7c5d4fe546ac,False,True,True,True,True,False,0,False,E:\my_organisation\Memoire Maruba\code\Spec2Testbench\artifacts\llm_deepseek\stub_frozen_20260721\ref_fp2_p20_opamp\deepseek_refinement\trial_02
stub_frozen_20260721,ref_fp2_p20_opamp,deepseek_refinement,trial_03,deepseek-stub-v1,STUB,False,SOFTWARE_INTEGRATION_ONLY,deepseek-stub-v1,cb9c29f3d3ca93f4493c1477069d1b513996131143215817af0cdaf311c27d07,e6c6aaf1640147285b2e2f8812df307587e23f07650f04c4ba6548a890d913f4,78f741f9ae14a9f044febb468648b99bd9f1cebb5e54c7b59857937e54e2205a,e902d199051f57612e366cf834e2de9fb83b466dd6db2a3d8b67c9a43d272bf3,5060427588548a0c5fd59ecd8c62cde578143e2dcc92234217d3c3d7b050ebdb,False,True,True,True,True,False,0,False,E:\my_organisation\Memoire Maruba\code\Spec2Testbench\artifacts\llm_deepseek\stub_frozen_20260721\ref_fp2_p20_opamp\deepseek_refinement\trial_03
stub_frozen_20260721,ref_fp2_p22_oscillator,deepseek_refinement,trial_01,deepseek-stub-v1,STUB,False,SOFTWARE_INTEGRATION_ONLY,deepseek-stub-v1,cb9c29f3d3ca93f4493c1477069d1b513996131143215817af0cdaf311c27d07,9e316b755dd7dae77c551e341e2e74ee95ee6acc9b33a385abf61a1670c97d0a,cd6d5a6ec61fe68e3e3ae34a59ef93cf07f3c6607358418c13a3f3ca4022b39f,798728cd55416ac0fa083d5a41de94f10729dc9100a6e3f975b487b70ad37ba4,0aec0a7e7451cf6afee27a331d8e4a0e333a6a6adc29fd5361fd2416dc1fc8d2,False,True,True,True,True,False,0,False,E:\my_organisation\Memoire Maruba\code\Spec2Testbench\artifacts\llm_deepseek\stub_frozen_20260721\ref_fp2_p22_oscillator\deepseek_refinement\trial_01
stub_frozen_20260721,ref_fp2_p22_oscillator,deepseek_refinement,trial_02,deepseek-stub-v1,STUB,False,SOFTWARE_INTEGRATION_ONLY,deepseek-stub-v1,cb9c29f3d3ca93f4493c1477069d1b513996131143215817af0cdaf311c27d07,9e316b755dd7dae77c551e341e2e74ee95ee6acc9b33a385abf61a1670c97d0a,cd6d5a6ec61fe68e3e3ae34a59ef93cf07f3c6607358418c13a3f3ca4022b39f,798728cd55416ac0fa083d5a41de94f10729dc9100a6e3f975b487b70ad37ba4,d28931ebde0b447b98f5f50deb6e52e7692f108c4c1ca8693d62141ed5625029,False,True,True,True,True,False,0,False,E:\my_organisation\Memoire Maruba\code\Spec2Testbench\artifacts\llm_deepseek\stub_frozen_20260721\ref_fp2_p22_oscillator\deepseek_refinement\trial_02
stub_frozen_20260721,ref_fp2_p22_oscillator,deepseek_refinement,trial_03,deepseek-stub-v1,STUB,False,SOFTWARE_INTEGRATION_ONLY,deepseek-stub-v1,cb9c29f3d3ca93f4493c1477069d1b513996131143215817af0cdaf311c27d07,9e316b755dd7dae77c551e341e2e74ee95ee6acc9b33a385abf61a1670c97d0a,cd6d5a6ec61fe68e3e3ae34a59ef93cf07f3c6607358418c13a3f3ca4022b39f,798728cd55416ac0fa083d5a41de94f10729dc9100a6e3f975b487b70ad37ba4,e4cb1b4e9077269a707aafa9c84ff0421187282a1521d3159f08c7e9d45a4c7e,False,True,True,True,True,False,0,False,E:\my_organisation\Memoire Maruba\code\Spec2Testbench\artifacts\llm_deepseek\stub_frozen_20260721\ref_fp2_p22_oscillator\deepseek_refinement\trial_03
stub_frozen_20260721,ref_fp2_p07_inverter,deepseek_refinement,trial_01,deepseek-stub-v1,STUB,False,SOFTWARE_INTEGRATION_ONLY,deepseek-stub-v1,cb9c29f3d3ca93f4493c1477069d1b513996131143215817af0cdaf311c27d07,6d567a40017e2445b97e44e4bf0071cc0a9b3b08e0fe05f3d0973789575e05e8,9d6af48fc05687e33f7b8fc22be5338fe5a46eacc48d8648aa2d50ee2863b791,9bb3e82ea299082d609cb7db9a9b3913bdce4fb40ad29548aafdf3e4fcea8d2c,2b0d9aefc1b042a9a7675b45ce984f61f8bba8f0da9ec4b82d555543f7a2eb42,False,True,True,True,True,False,0,False,E:\my_organisation\Memoire Maruba\code\Spec2Testbench\artifacts\llm_deepseek\stub_frozen_20260721\ref_fp2_p07_inverter\deepseek_refinement\trial_01
stub_frozen_20260721,ref_fp2_p07_inverter,deepseek_refinement,trial_02,deepseek-stub-v1,STUB,False,SOFTWARE_INTEGRATION_ONLY,deepseek-stub-v1,cb9c29f3d3ca93f4493c1477069d1b513996131143215817af0cdaf311c27d07,6d567a40017e2445b97e44e4bf0071cc0a9b3b08e0fe05f3d0973789575e05e8,9d6af48fc05687e33f7b8fc22be5338fe5a46eacc48d8648aa2d50ee2863b791,9bb3e82ea299082d609cb7db9a9b3913bdce4fb40ad29548aafdf3e4fcea8d2c,4b89178f5c51875897744cf584b2e60280409a41e8c56f0189fbc5277128e78a,False,True,True,True,True,False,0,False,E:\my_organisation\Memoire Maruba\code\Spec2Testbench\artifacts\llm_deepseek\stub_frozen_20260721\ref_fp2_p07_inverter\deepseek_refinement\trial_02
stub_frozen_20260721,ref_fp2_p07_inverter,deepseek_refinement,trial_03,deepseek-stub-v1,STUB,False,SOFTWARE_INTEGRATION_ONLY,deepseek-stub-v1,cb9c29f3d3ca93f4493c1477069d1b513996131143215817af0cdaf311c27d07,6d567a40017e2445b97e44e4bf0071cc0a9b3b08e0fe05f3d0973789575e05e8,9d6af48fc05687e33f7b8fc22be5338fe5a46eacc48d8648aa2d50ee2863b791,9bb3e82ea299082d609cb7db9a9b3913bdce4fb40ad29548aafdf3e4fcea8d2c,21c8c2080e526f7021f275ec5f994bf40eb7c4360744484fae538d18968586ea,False,True,True,True,True,False,0,False,E:\my_organisation\Memoire Maruba\code\Spec2Testbench\artifacts\llm_deepseek\stub_frozen_20260721\ref_fp2_p07_inverter\deepseek_refinement\trial_03
stub_frozen_20260721,fp2_cv_006_p01_gain_strong,deepseek_refinement,trial_01,deepseek-stub-v1,STUB,False,SOFTWARE_INTEGRATION_ONLY,deepseek-stub-v1,cb9c29f3d3ca93f4493c1477069d1b513996131143215817af0cdaf311c27d07,778da98c62f3f5cf4bfffdf22034e096a3757bc7b59ed068a145bb346035539c,a89e2b9b1ff4bd6f39bf6cf8de7f267aaf8aacfeb05ede725a40e55f24398bc3,e8715745c996692a13fbe57edb1857e207d07b63c679490ed16fff8c4fc6113e,92c5592db005e569c1d0fd4126a4057504274590460fc332e3e5b3ab23123429,False,True,True,True,True,False,0,False,E:\my_organisation\Memoire Maruba\code\Spec2Testbench\artifacts\llm_deepseek\stub_frozen_20260721\fp2_cv_006_p01_gain_strong\deepseek_refinement\trial_01
stub_frozen_20260721,fp2_cv_006_p01_gain_strong,deepseek_refinement,trial_02,deepseek-stub-v1,STUB,False,SOFTWARE_INTEGRATION_ONLY,deepseek-stub-v1,cb9c29f3d3ca93f4493c1477069d1b513996131143215817af0cdaf311c27d07,778da98c62f3f5cf4bfffdf22034e096a3757bc7b59ed068a145bb346035539c,a89e2b9b1ff4bd6f39bf6cf8de7f267aaf8aacfeb05ede725a40e55f24398bc3,e8715745c996692a13fbe57edb1857e207d07b63c679490ed16fff8c4fc6113e,0f295abe06605ca7795295295a44bde872137e8c61cc0dde00ce547102070b85,False,True,True,True,True,False,0,False,E:\my_organisation\Memoire Maruba\code\Spec2Testbench\artifacts\llm_deepseek\stub_frozen_20260721\fp2_cv_006_p01_gain_strong\deepseek_refinement\trial_02
stub_frozen_20260721,fp2_cv_006_p01_gain_strong,deepseek_refinement,trial_03,deepseek-stub-v1,STUB,False,SOFTWARE_INTEGRATION_ONLY,deepseek-stub-v1,cb9c29f3d3ca93f4493c1477069d1b513996131143215817af0cdaf311c27d07,778da98c62f3f5cf4bfffdf22034e096a3757bc7b59ed068a145bb346035539c,a89e2b9b1ff4bd6f39bf6cf8de7f267aaf8aacfeb05ede725a40e55f24398bc3,e8715745c996692a13fbe57edb1857e207d07b63c679490ed16fff8c4fc6113e,f415f7608cdd0f0baad9398aa0f3ec620f12283374e2f79fc0f2f135f3f14fa3,False,True,True,True,True,False,0,False,E:\my_organisation\Memoire Maruba\code\Spec2Testbench\artifacts\llm_deepseek\stub_frozen_20260721\fp2_cv_006_p01_gain_strong\deepseek_refinement\trial_03
stub_frozen_20260721,fp2_cv_023_p05_current_strong,deepseek_refinement,trial_01,deepseek-stub-v1,STUB,False,SOFTWARE_INTEGRATION_ONLY,deepseek-stub-v1,cb9c29f3d3ca93f4493c1477069d1b513996131143215817af0cdaf311c27d07,51f456bdeaec2a9a8f3a6727be701f62281be8f4203b9b3932b89541438df71c,51f41a9d1ab193ad78e299b7e1046c11fe1aaa13fdcd13333e7804066a1c51c3,d4187741ea0843b90d0e451352ecfd8bbe2877cef24e49890c6eced54b6697f4,3921d42e5131a5349025956af30c45675567f68e5a95e0a18bb0bfd2942e268e,False,True,True,True,True,False,0,False,E:\my_organisation\Memoire Maruba\code\Spec2Testbench\artifacts\llm_deepseek\stub_frozen_20260721\fp2_cv_023_p05_current_strong\deepseek_refinement\trial_01
stub_frozen_20260721,fp2_cv_023_p05_current_strong,deepseek_refinement,trial_02,deepseek-stub-v1,STUB,False,SOFTWARE_INTEGRATION_ONLY,deepseek-stub-v1,cb9c29f3d3ca93f4493c1477069d1b513996131143215817af0cdaf311c27d07,51f456bdeaec2a9a8f3a6727be701f62281be8f4203b9b3932b89541438df71c,51f41a9d1ab193ad78e299b7e1046c11fe1aaa13fdcd13333e7804066a1c51c3,d4187741ea0843b90d0e451352ecfd8bbe2877cef24e49890c6eced54b6697f4,88a4d77c6f5a175e030d31fe0e509e9150dbebf818cb2b27e79a4d92a0c0adc5,False,True,True,True,True,False,0,False,E:\my_organisation\Memoire Maruba\code\Spec2Testbench\artifacts\llm_deepseek\stub_frozen_20260721\fp2_cv_023_p05_current_strong\deepseek_refinement\trial_02
stub_frozen_20260721,fp2_cv_023_p05_current_strong,deepseek_refinement,trial_03,deepseek-stub-v1,STUB,False,SOFTWARE_INTEGRATION_ONLY,deepseek-stub-v1,cb9c29f3d3ca93f4493c1477069d1b513996131143215817af0cdaf311c27d07,51f456bdeaec2a9a8f3a6727be701f62281be8f4203b9b3932b89541438df71c,51f41a9d1ab193ad78e299b7e1046c11fe1aaa13fdcd13333e7804066a1c51c3,d4187741ea0843b90d0e451352ecfd8bbe2877cef24e49890c6eced54b6697f4,c71cd76c946b62c6aafa8997d225e6c1800bbb4bdd9bc8bbda5eb7a9c97b4319,False,True,True,True,True,False,0,False,E:\my_organisation\Memoire Maruba\code\Spec2Testbench\artifacts\llm_deepseek\stub_frozen_20260721\fp2_cv_023_p05_current_strong\deepseek_refinement\trial_03
stub_frozen_20260721,fp2_cv_011_p17_current_strong,deepseek_refinement,trial_01,deepseek-stub-v1,STUB,False,SOFTWARE_INTEGRATION_ONLY,deepseek-stub-v1,cb9c29f3d3ca93f4493c1477069d1b513996131143215817af0cdaf311c27d07,7af8c235fe7b76006034adb3bd85af64465d40718007f8ba0f5ccbfd9962792b,5e79cf9e31280d652949e5520f0f777278cb7f4643bff243ea41f71a1844b530,479c1db271351231932d01c582e6eac330d60cc720d758d155477d18cad32235,c3c49f09c59bc758a620ac047bcab0a21cf7fb867bc118ee1ccb99a855a61a87,False,True,True,True,True,False,0,False,E:\my_organisation\Memoire Maruba\code\Spec2Testbench\artifacts\llm_deepseek\stub_frozen_20260721\fp2_cv_011_p17_current_strong\deepseek_refinement\trial_01
stub_frozen_20260721,fp2_cv_011_p17_current_strong,deepseek_refinement,trial_02,deepseek-stub-v1,STUB,False,SOFTWARE_INTEGRATION_ONLY,deepseek-stub-v1,cb9c29f3d3ca93f4493c1477069d1b513996131143215817af0cdaf311c27d07,7af8c235fe7b76006034adb3bd85af64465d40718007f8ba0f5ccbfd9962792b,5e79cf9e31280d652949e5520f0f777278cb7f4643bff243ea41f71a1844b530,479c1db271351231932d01c582e6eac330d60cc720d758d155477d18cad32235,8b2d27eace7baf29bb27fb8aec66ca1cc93dd8e659137487cdd2d14fcc10abc4,False,True,True,True,True,False,0,False,E:\my_organisation\Memoire Maruba\code\Spec2Testbench\artifacts\llm_deepseek\stub_frozen_20260721\fp2_cv_011_p17_current_strong\deepseek_refinement\trial_02
stub_frozen_20260721,fp2_cv_011_p17_current_strong,deepseek_refinement,trial_03,deepseek-stub-v1,STUB,False,SOFTWARE_INTEGRATION_ONLY,deepseek-stub-v1,cb9c29f3d3ca93f4493c1477069d1b513996131143215817af0cdaf311c27d07,7af8c235fe7b76006034adb3bd85af64465d40718007f8ba0f5ccbfd9962792b,5e79cf9e31280d652949e5520f0f777278cb7f4643bff243ea41f71a1844b530,479c1db271351231932d01c582e6eac330d60cc720d758d155477d18cad32235,5f5468938692b0b080868a743fa4e45115cd41f261c0c915704d338d8251184c,False,True,True,True,True,False,0,False,E:\my_organisation\Memoire Maruba\code\Spec2Testbench\artifacts\llm_deepseek\stub_frozen_20260721\fp2_cv_011_p17_current_strong\deepseek_refinement\trial_03
stub_frozen_20260721,fp2_cv_012_p16_bias_strong,deepseek_refinement,trial_01,deepseek-stub-v1,STUB,False,SOFTWARE_INTEGRATION_ONLY,deepseek-stub-v1,cb9c29f3d3ca93f4493c1477069d1b513996131143215817af0cdaf311c27d07,bf28ae587ca70af2f42262839305f9c5e4c9c7033c6e1e1f45b0bd14c8c79289,42373eb9a59ee3dea8c997bf9432626ee63e26c39392d0fbd8f63429faa1d50e,8fa50155921b9453c85863799530388cfdaa9fe979bc9fe25f54c3fffc52b697,ccf33bd2b7c3516636a8842b984c044bb710a21f14675df687a4f971a17b4810,False,True,True,True,True,False,0,False,E:\my_organisation\Memoire Maruba\code\Spec2Testbench\artifacts\llm_deepseek\stub_frozen_20260721\fp2_cv_012_p16_bias_strong\deepseek_refinement\trial_01
stub_frozen_20260721,fp2_cv_012_p16_bias_strong,deepseek_refinement,trial_02,deepseek-stub-v1,STUB,False,SOFTWARE_INTEGRATION_ONLY,deepseek-stub-v1,cb9c29f3d3ca93f4493c1477069d1b513996131143215817af0cdaf311c27d07,bf28ae587ca70af2f42262839305f9c5e4c9c7033c6e1e1f45b0bd14c8c79289,42373eb9a59ee3dea8c997bf9432626ee63e26c39392d0fbd8f63429faa1d50e,8fa50155921b9453c85863799530388cfdaa9fe979bc9fe25f54c3fffc52b697,ad28f03ae4c1b6d30ee33f3528d6de65fe6eb43f0ed24a44a133573bdc636baa,False,True,True,True,True,False,0,False,E:\my_organisation\Memoire Maruba\code\Spec2Testbench\artifacts\llm_deepseek\stub_frozen_20260721\fp2_cv_012_p16_bias_strong\deepseek_refinement\trial_02
stub_frozen_20260721,fp2_cv_012_p16_bias_strong,deepseek_refinement,trial_03,deepseek-stub-v1,STUB,False,SOFTWARE_INTEGRATION_ONLY,deepseek-stub-v1,cb9c29f3d3ca93f4493c1477069d1b513996131143215817af0cdaf311c27d07,bf28ae587ca70af2f42262839305f9c5e4c9c7033c6e1e1f45b0bd14c8c79289,42373eb9a59ee3dea8c997bf9432626ee63e26c39392d0fbd8f63429faa1d50e,8fa50155921b9453c85863799530388cfdaa9fe979bc9fe25f54c3fffc52b697,28a955c9f8348aa6b01903860f0889b8df5c314aeb05ac937157224c94f41e3e,False,True,True,True,True,False,0,False,E:\my_organisation\Memoire Maruba\code\Spec2Testbench\artifacts\llm_deepseek\stub_frozen_20260721\fp2_cv_012_p16_bias_strong\deepseek_refinement\trial_03
stub_frozen_20260721,fp2_cv_013_p20_bias_strong,deepseek_refinement,trial_01,deepseek-stub-v1,STUB,False,SOFTWARE_INTEGRATION_ONLY,deepseek-stub-v1,cb9c29f3d3ca93f4493c1477069d1b513996131143215817af0cdaf311c27d07,d6ea8c606111704604d93492d8462539ea65cba9b4fd50f8c54195290a96f035,a95d487e71fc20a7620b6ffe6eaf5dfd1f63b2426c905d9d1fe1467dc900cb7e,f40a095865f85cfa92c2f81eb88dad0bde82821f3535f8e5476ab9b822e62ec5,c12732ca34bc04d7f56480a83ab1852a862315dea6a204f0c8c1269fbac8de9b,False,True,True,True,True,False,0,False,E:\my_organisation\Memoire Maruba\code\Spec2Testbench\artifacts\llm_deepseek\stub_frozen_20260721\fp2_cv_013_p20_bias_strong\deepseek_refinement\trial_01
stub_frozen_20260721,fp2_cv_013_p20_bias_strong,deepseek_refinement,trial_02,deepseek-stub-v1,STUB,False,SOFTWARE_INTEGRATION_ONLY,deepseek-stub-v1,cb9c29f3d3ca93f4493c1477069d1b513996131143215817af0cdaf311c27d07,d6ea8c606111704604d93492d8462539ea65cba9b4fd50f8c54195290a96f035,a95d487e71fc20a7620b6ffe6eaf5dfd1f63b2426c905d9d1fe1467dc900cb7e,f40a095865f85cfa92c2f81eb88dad0bde82821f3535f8e5476ab9b822e62ec5,d1578002a65b9508d0ef15a4ff46bde1d20992030fc71fc41e68c13ba4cdfb75,False,True,True,True,True,False,0,False,E:\my_organisation\Memoire Maruba\code\Spec2Testbench\artifacts\llm_deepseek\stub_frozen_20260721\fp2_cv_013_p20_bias_strong\deepseek_refinement\trial_02
stub_frozen_20260721,fp2_cv_013_p20_bias_strong,deepseek_refinement,trial_03,deepseek-stub-v1,STUB,False,SOFTWARE_INTEGRATION_ONLY,deepseek-stub-v1,cb9c29f3d3ca93f4493c1477069d1b513996131143215817af0cdaf311c27d07,d6ea8c606111704604d93492d8462539ea65cba9b4fd50f8c54195290a96f035,a95d487e71fc20a7620b6ffe6eaf5dfd1f63b2426c905d9d1fe1467dc900cb7e,f40a095865f85cfa92c2f81eb88dad0bde82821f3535f8e5476ab9b822e62ec5,05f2eb8888f46ac895ae70b2e3c3f5b5379725d2d60412d54dabe75c4522a5b2,False,True,True,True,True,False,0,False,E:\my_organisation\Memoire Maruba\code\Spec2Testbench\artifacts\llm_deepseek\stub_frozen_20260721\fp2_cv_013_p20_bias_strong\deepseek_refinement\trial_03
stub_frozen_20260721,fp2_cv_019_p22_amplitude_strong,deepseek_refinement,trial_01,deepseek-stub-v1,STUB,False,SOFTWARE_INTEGRATION_ONLY,deepseek-stub-v1,cb9c29f3d3ca93f4493c1477069d1b513996131143215817af0cdaf311c27d07,4b80e98320ef2b1afe814da94aa5effef370d67b7a6a853038a1361cce6b6e0d,0d984e180200bd2c721e368d2e96b33c690a094d082b692823b793a6d6188df6,ce4e71294c644a1860a2959f71e58d8909bf495f2b9da4fdd959838c7441c3ec,9e70a7e3c51783c087f319e99b7a3b932e39d49ee740820304533775515476e3,False,True,True,True,True,False,0,False,E:\my_organisation\Memoire Maruba\code\Spec2Testbench\artifacts\llm_deepseek\stub_frozen_20260721\fp2_cv_019_p22_amplitude_strong\deepseek_refinement\trial_01
stub_frozen_20260721,fp2_cv_019_p22_amplitude_strong,deepseek_refinement,trial_02,deepseek-stub-v1,STUB,False,SOFTWARE_INTEGRATION_ONLY,deepseek-stub-v1,cb9c29f3d3ca93f4493c1477069d1b513996131143215817af0cdaf311c27d07,4b80e98320ef2b1afe814da94aa5effef370d67b7a6a853038a1361cce6b6e0d,0d984e180200bd2c721e368d2e96b33c690a094d082b692823b793a6d6188df6,ce4e71294c644a1860a2959f71e58d8909bf495f2b9da4fdd959838c7441c3ec,1b4a74097494e67603a4ef9afee5136152bb5c22c9136ef4a9803e0dff59764e,False,True,True,True,True,False,0,False,E:\my_organisation\Memoire Maruba\code\Spec2Testbench\artifacts\llm_deepseek\stub_frozen_20260721\fp2_cv_019_p22_amplitude_strong\deepseek_refinement\trial_02
stub_frozen_20260721,fp2_cv_019_p22_amplitude_strong,deepseek_refinement,trial_03,deepseek-stub-v1,STUB,False,SOFTWARE_INTEGRATION_ONLY,deepseek-stub-v1,cb9c29f3d3ca93f4493c1477069d1b513996131143215817af0cdaf311c27d07,4b80e98320ef2b1afe814da94aa5effef370d67b7a6a853038a1361cce6b6e0d,0d984e180200bd2c721e368d2e96b33c690a094d082b692823b793a6d6188df6,ce4e71294c644a1860a2959f71e58d8909bf495f2b9da4fdd959838c7441c3ec,51053f72b40cd0208fd29ddb631b525fd5505a6c343669813c82a8e3d4e01c54,False,True,True,True,True,False,0,False,E:\my_organisation\Memoire Maruba\code\Spec2Testbench\artifacts\llm_deepseek\stub_frozen_20260721\fp2_cv_019_p22_amplitude_strong\deepseek_refinement\trial_03
stub_frozen_20260721,fp2_cv_026_p07_output_strong,deepseek_refinement,trial_01,deepseek-stub-v1,STUB,False,SOFTWARE_INTEGRATION_ONLY,deepseek-stub-v1,cb9c29f3d3ca93f4493c1477069d1b513996131143215817af0cdaf311c27d07,0d519de4039bbf67a21b9478cb89f0c71c4596af29bc3437d10ce72c07ab9d79,01a027d824faff0e5e843ac6210a81fb380b00ec61c8eb36b9c7f4f72f5dc534,72d8fbe7178c8122e6d87dfc2868d18449638523b95a44e5878b4e93a23b5155,3fd96fc5de276d5133708eeddb2decf942656e58a3d16f2989fdefa9a0899aa8,False,True,True,True,True,False,0,False,E:\my_organisation\Memoire Maruba\code\Spec2Testbench\artifacts\llm_deepseek\stub_frozen_20260721\fp2_cv_026_p07_output_strong\deepseek_refinement\trial_01
stub_frozen_20260721,fp2_cv_026_p07_output_strong,deepseek_refinement,trial_02,deepseek-stub-v1,STUB,False,SOFTWARE_INTEGRATION_ONLY,deepseek-stub-v1,cb9c29f3d3ca93f4493c1477069d1b513996131143215817af0cdaf311c27d07,0d519de4039bbf67a21b9478cb89f0c71c4596af29bc3437d10ce72c07ab9d79,01a027d824faff0e5e843ac6210a81fb380b00ec61c8eb36b9c7f4f72f5dc534,72d8fbe7178c8122e6d87dfc2868d18449638523b95a44e5878b4e93a23b5155,2e233065121dd1097f77459fe99bffee0ad774cb1954d1502f4c28173c314e98,False,True,True,True,True,False,0,False,E:\my_organisation\Memoire Maruba\code\Spec2Testbench\artifacts\llm_deepseek\stub_frozen_20260721\fp2_cv_026_p07_output_strong\deepseek_refinement\trial_02
stub_frozen_20260721,fp2_cv_026_p07_output_strong,deepseek_refinement,trial_03,deepseek-stub-v1,STUB,False,SOFTWARE_INTEGRATION_ONLY,deepseek-stub-v1,cb9c29f3d3ca93f4493c1477069d1b513996131143215817af0cdaf311c27d07,0d519de4039bbf67a21b9478cb89f0c71c4596af29bc3437d10ce72c07ab9d79,01a027d824faff0e5e843ac6210a81fb380b00ec61c8eb36b9c7f4f72f5dc534,72d8fbe7178c8122e6d87dfc2868d18449638523b95a44e5878b4e93a23b5155,3ff7473110ed25bb365423f5c3c73cde37e1e2acd966e2997b86d3b7a4a7fd5b,False,True,True,True,True,False,0,False,E:\my_organisation\Memoire Maruba\code\Spec2Testbench\artifacts\llm_deepseek\stub_frozen_20260721\fp2_cv_026_p07_output_strong\deepseek_refinement\trial_03
stub_frozen_20260721,wrdata_nominal,deepseek_refinement,trial_01,deepseek-stub-v1,STUB,False,SOFTWARE_INTEGRATION_ONLY,deepseek-stub-v1,cb9c29f3d3ca93f4493c1477069d1b513996131143215817af0cdaf311c27d07,7a436f7b11c8c818313b03048e19a2f3bf616b44126df6172e65c700288c2300,7240ba597db479fbe91266c8cae3bd7ef472f158909c2e97d95de9697114ec5f,209fab89321a3fe3e053957c6e22f7673e6ed41b96a064f2856c8cff17995c27,9e05e750f40772cc0ab3889c0ce3548d6cd870752b5d467d241a013667917cd2,False,True,True,True,True,False,0,False,E:\my_organisation\Memoire Maruba\code\Spec2Testbench\artifacts\llm_deepseek\stub_frozen_20260721\wrdata_nominal\deepseek_refinement\trial_01
stub_frozen_20260721,wrdata_nominal,deepseek_refinement,trial_02,deepseek-stub-v1,STUB,False,SOFTWARE_INTEGRATION_ONLY,deepseek-stub-v1,cb9c29f3d3ca93f4493c1477069d1b513996131143215817af0cdaf311c27d07,7a436f7b11c8c818313b03048e19a2f3bf616b44126df6172e65c700288c2300,7240ba597db479fbe91266c8cae3bd7ef472f158909c2e97d95de9697114ec5f,209fab89321a3fe3e053957c6e22f7673e6ed41b96a064f2856c8cff17995c27,696952baf559ebd08148d681e26e263d5dc44dca1bc0b82b693094d912114114,False,True,True,True,True,False,0,False,E:\my_organisation\Memoire Maruba\code\Spec2Testbench\artifacts\llm_deepseek\stub_frozen_20260721\wrdata_nominal\deepseek_refinement\trial_02
stub_frozen_20260721,wrdata_nominal,deepseek_refinement,trial_03,deepseek-stub-v1,STUB,False,SOFTWARE_INTEGRATION_ONLY,deepseek-stub-v1,cb9c29f3d3ca93f4493c1477069d1b513996131143215817af0cdaf311c27d07,7a436f7b11c8c818313b03048e19a2f3bf616b44126df6172e65c700288c2300,7240ba597db479fbe91266c8cae3bd7ef472f158909c2e97d95de9697114ec5f,209fab89321a3fe3e053957c6e22f7673e6ed41b96a064f2856c8cff17995c27,160d98e5036d41a6d75312c7dc16cb99747cc22059d54314e4d4604b25162824,False,True,True,True,True,False,0,False,E:\my_organisation\Memoire Maruba\code\Spec2Testbench\artifacts\llm_deepseek\stub_frozen_20260721\wrdata_nominal\deepseek_refinement\trial_03
stub_frozen_20260721,wrdata_controlled_violation,deepseek_refinement,trial_01,deepseek-stub-v1,STUB,False,SOFTWARE_INTEGRATION_ONLY,deepseek-stub-v1,cb9c29f3d3ca93f4493c1477069d1b513996131143215817af0cdaf311c27d07,e92c07e3f71c59901d44290a2b602fdb9f533db715216d368c2d3ccbf9eda4c6,6a382aa0028aeb5610a48612eb5857b302c5a4263533ce08d92840bddcc5abb6,7d422928606fcd746d915e58229b103967b0f79e92c412f4d0be7ed654d3911e,e7b3148182428926817914268b54dfe936bb473681f6217d499423067cc60f41,False,True,True,True,True,False,0,False,E:\my_organisation\Memoire Maruba\code\Spec2Testbench\artifacts\llm_deepseek\stub_frozen_20260721\wrdata_controlled_violation\deepseek_refinement\trial_01
stub_frozen_20260721,wrdata_controlled_violation,deepseek_refinement,trial_02,deepseek-stub-v1,STUB,False,SOFTWARE_INTEGRATION_ONLY,deepseek-stub-v1,cb9c29f3d3ca93f4493c1477069d1b513996131143215817af0cdaf311c27d07,e92c07e3f71c59901d44290a2b602fdb9f533db715216d368c2d3ccbf9eda4c6,6a382aa0028aeb5610a48612eb5857b302c5a4263533ce08d92840bddcc5abb6,7d422928606fcd746d915e58229b103967b0f79e92c412f4d0be7ed654d3911e,0aeb2f8b35033515f667f70a89ce89c6f1ad11aaf339916663a8570ea6c4b649,False,True,True,True,True,False,0,False,E:\my_organisation\Memoire Maruba\code\Spec2Testbench\artifacts\llm_deepseek\stub_frozen_20260721\wrdata_controlled_violation\deepseek_refinement\trial_02
stub_frozen_20260721,wrdata_controlled_violation,deepseek_refinement,trial_03,deepseek-stub-v1,STUB,False,SOFTWARE_INTEGRATION_ONLY,deepseek-stub-v1,cb9c29f3d3ca93f4493c1477069d1b513996131143215817af0cdaf311c27d07,e92c07e3f71c59901d44290a2b602fdb9f533db715216d368c2d3ccbf9eda4c6,6a382aa0028aeb5610a48612eb5857b302c5a4263533ce08d92840bddcc5abb6,7d422928606fcd746d915e58229b103967b0f79e92c412f4d0be7ed654d3911e,3e31d4a74f05ece51b999dad7d7f85ef4fbfab570a0d7fe4d7eeb410fba4dd50,False,True,True,True,True,False,0,False,E:\my_organisation\Memoire Maruba\code\Spec2Testbench\artifacts\llm_deepseek\stub_frozen_20260721\wrdata_controlled_violation\deepseek_refinement\trial_03
