path,audit_baseline_blob_id,base_commit_blob_id,current_blob_id,status_vs_audit_baseline,status_vs_base_commit,is_latex_or_bib
paper_final/IEEEtran_compat.cls,2d855d54eb1ecf7d022618b345b2ad094f8ca12b,2d855d54eb1ecf7d022618b345b2ad094f8ca12b,2d855d54eb1ecf7d022618b345b2ad094f8ca12b,MATCH,MATCH,false
paper_final/README.md,81afe058fd3c073a4ed11af5a173978d9515c9ff,81afe058fd3c073a4ed11af5a173978d9515c9ff,81afe058fd3c073a4ed11af5a173978d9515c9ff,MATCH,MATCH,false
paper_final/Spec2Testbench_manuscript.pdf,35b73c6d542f9f642d78a67c99dca7393fc1fb04,35b73c6d542f9f642d78a67c99dca7393fc1fb04,35b73c6d542f9f642d78a67c99dca7393fc1fb04,MATCH,MATCH,false
paper_final/benchmark_circuit_detailed_sheets.md,2a1f89ea94f2ee7b1ea02757b17411f001c33b19,2a1f89ea94f2ee7b1ea02757b17411f001c33b19,2a1f89ea94f2ee7b1ea02757b17411f001c33b19,MATCH,MATCH,false
paper_final/benchmark_circuit_drawing_table.md,e11414775586c4abdfd48303150a717549e268e7,e11414775586c4abdfd48303150a717549e268e7,e11414775586c4abdfd48303150a717549e268e7,MATCH,MATCH,false
paper_final/canonical_evidence_ledger.csv,78a36d11d8b807ae2ae3db257dff2156d103c041,78a36d11d8b807ae2ae3db257dff2156d103c041,78a36d11d8b807ae2ae3db257dff2156d103c041,MATCH,MATCH,false
paper_final/canonical_results_summary.md,24a62e33056759659187def1a1f01396a1b16d64,24a62e33056759659187def1a1f01396a1b16d64,24a62e33056759659187def1a1f01396a1b16d64,MATCH,MATCH,false
paper_final/codirector_comment_response_matrix.md,1d8da41e1e40874b7031845622ea4203fa0cb367,1d8da41e1e40874b7031845622ea4203fa0cb367,1d8da41e1e40874b7031845622ea4203fa0cb367,MATCH,MATCH,false
paper_final/codirector_response_final.md,8c8492a07bac42b751da69279979d092b75bcef1,8c8492a07bac42b751da69279979d092b75bcef1,8c8492a07bac42b751da69279979d092b75bcef1,MATCH,MATCH,false
paper_final/compilation_report.md,cb1f984d58a7701c026ac49838b85a343f9b48f2,cb1f984d58a7701c026ac49838b85a343f9b48f2,cb1f984d58a7701c026ac49838b85a343f9b48f2,MATCH,MATCH,false
paper_final/evidence_conflicts.md,c9dabe259608e6c0d6fa4756c9ce248767d0c4fa,c9dabe259608e6c0d6fa4756c9ce248767d0c4fa,c9dabe259608e6c0d6fa4756c9ce248767d0c4fa,MATCH,MATCH,false
paper_final/evidence_freeze_20260724/README.md,0ae46b9bd6e9f8311ff0f41aef7967f83c9e7d5a,0ae46b9bd6e9f8311ff0f41aef7967f83c9e7d5a,0ae46b9bd6e9f8311ff0f41aef7967f83c9e7d5a,MATCH,MATCH,false
paper_final/evidence_freeze_20260724/bundle_manifest.json,102cbe7adab5e026a856663b48e33712389a0481,102cbe7adab5e026a856663b48e33712389a0481,102cbe7adab5e026a856663b48e33712389a0481,MATCH,MATCH,false
paper_final/evidence_freeze_20260724/controlled/frozen_pilot_metrics_v3.json,7a669b50749073fdfc3b9237d48e42f013e5e70d,7a669b50749073fdfc3b9237d48e42f013e5e70d,7a669b50749073fdfc3b9237d48e42f013e5e70d,MATCH,MATCH,false
paper_final/evidence_freeze_20260724/controlled/frozen_pilot_results_v3.csv,3bb7bda4f43d8ac9a9a0752b697f7eb6a5757933,3bb7bda4f43d8ac9a9a0752b697f7eb6a5757933,3bb7bda4f43d8ac9a9a0752b697f7eb6a5757933,MATCH,MATCH,false
paper_final/evidence_freeze_20260724/nominal/backend_summary.csv,2eb3f8ca75a437981f92737f7bf745ff3f375469,2eb3f8ca75a437981f92737f7bf745ff3f375469,2eb3f8ca75a437981f92737f7bf745ff3f375469,MATCH,MATCH,false
paper_final/evidence_freeze_20260724/nominal/cases/p01_amplifier/command.txt,c1e5b162922dbe456b43e645cad1855c98322f24,c1e5b162922dbe456b43e645cad1855c98322f24,c1e5b162922dbe456b43e645cad1855c98322f24,MATCH,MATCH,false
paper_final/evidence_freeze_20260724/nominal/cases/p01_amplifier/metric_traces.json,b4aecb5a7fb6bc6f3aefcc6be72cc6e2bb6b3992,b4aecb5a7fb6bc6f3aefcc6be72cc6e2bb6b3992,b4aecb5a7fb6bc6f3aefcc6be72cc6e2bb6b3992,MATCH,MATCH,false
paper_final/evidence_freeze_20260724/nominal/cases/p01_amplifier/metrics.json,f649b5ee83afb112040262d9a4a6a0004c119875,f649b5ee83afb112040262d9a4a6a0004c119875,f649b5ee83afb112040262d9a4a6a0004c119875,MATCH,MATCH,false
paper_final/evidence_freeze_20260724/nominal/cases/p01_amplifier/p01_amplifier.cir,b19fdf1173b32e1091af1829441bcdec49e925dd,b19fdf1173b32e1091af1829441bcdec49e925dd,b19fdf1173b32e1091af1829441bcdec49e925dd,MATCH,MATCH,false
paper_final/evidence_freeze_20260724/nominal/cases/p01_amplifier/p01_amplifier.yaml,9ac54472adca88c753a55f2011de49cfd274f404,9ac54472adca88c753a55f2011de49cfd274f404,9ac54472adca88c753a55f2011de49cfd274f404,MATCH,MATCH,false
paper_final/evidence_freeze_20260724/nominal/cases/p01_amplifier/provenance.json,433a3f76b97a92eab5df3d3b994b1fd87f4e3808,433a3f76b97a92eab5df3d3b994b1fd87f4e3808,433a3f76b97a92eab5df3d3b994b1fd87f4e3808,MATCH,MATCH,false
paper_final/evidence_freeze_20260724/nominal/cases/p01_amplifier/report.json,2e678889dc3eb6debf73a05336655c70b4af0183,2e678889dc3eb6debf73a05336655c70b4af0183,2e678889dc3eb6debf73a05336655c70b4af0183,MATCH,MATCH,false
paper_final/evidence_freeze_20260724/nominal/cases/p01_amplifier/stderr.txt,c03ff413b86fe358bf683ee48c8df1e946e75226,c03ff413b86fe358bf683ee48c8df1e946e75226,c03ff413b86fe358bf683ee48c8df1e946e75226,MATCH,MATCH,false
paper_final/evidence_freeze_20260724/nominal/cases/p01_amplifier/stdout.txt,067649fe7c53c9a538d82a730d8aadc3c47e21ad,067649fe7c53c9a538d82a730d8aadc3c47e21ad,067649fe7c53c9a538d82a730d8aadc3c47e21ad,MATCH,MATCH,false
paper_final/evidence_freeze_20260724/nominal/cases/p02_amplifier/command.txt,f1dc68067015e24497ae11a895435be0e5c907ca,f1dc68067015e24497ae11a895435be0e5c907ca,f1dc68067015e24497ae11a895435be0e5c907ca,MATCH,MATCH,false
paper_final/evidence_freeze_20260724/nominal/cases/p02_amplifier/metric_traces.json,c2155bc682eb50bba6ae17fe0924bfb75150680a,c2155bc682eb50bba6ae17fe0924bfb75150680a,c2155bc682eb50bba6ae17fe0924bfb75150680a,MATCH,MATCH,false
paper_final/evidence_freeze_20260724/nominal/cases/p02_amplifier/metrics.json,c4794a72803dd8c9405923fc965fa71e358942a1,c4794a72803dd8c9405923fc965fa71e358942a1,c4794a72803dd8c9405923fc965fa71e358942a1,MATCH,MATCH,false
paper_final/evidence_freeze_20260724/nominal/cases/p02_amplifier/p02_amplifier.cir,75855d524db546a6924633dbd58908fbca207865,75855d524db546a6924633dbd58908fbca207865,75855d524db546a6924633dbd58908fbca207865,MATCH,MATCH,false
paper_final/evidence_freeze_20260724/nominal/cases/p02_amplifier/p02_amplifier.yaml,94975dcdc6327420e9f2989eb10e705e79dae59a,94975dcdc6327420e9f2989eb10e705e79dae59a,94975dcdc6327420e9f2989eb10e705e79dae59a,MATCH,MATCH,false
paper_final/evidence_freeze_20260724/nominal/cases/p02_amplifier/provenance.json,b9b01f6d1c9f0c0d61f2bbf7c80f5817d8d96e79,b9b01f6d1c9f0c0d61f2bbf7c80f5817d8d96e79,b9b01f6d1c9f0c0d61f2bbf7c80f5817d8d96e79,MATCH,MATCH,false
paper_final/evidence_freeze_20260724/nominal/cases/p02_amplifier/report.json,261bb539b2c48e7edd96fb65719dd12340e29de0,261bb539b2c48e7edd96fb65719dd12340e29de0,261bb539b2c48e7edd96fb65719dd12340e29de0,MATCH,MATCH,false
paper_final/evidence_freeze_20260724/nominal/cases/p02_amplifier/stderr.txt,c888f27a5570232065fe12e053a1fb44b3e626ff,c888f27a5570232065fe12e053a1fb44b3e626ff,c888f27a5570232065fe12e053a1fb44b3e626ff,MATCH,MATCH,false
paper_final/evidence_freeze_20260724/nominal/cases/p02_amplifier/stdout.txt,e69de29bb2d1d6434b8b29ae775ad8c2e48c5391,e69de29bb2d1d6434b8b29ae775ad8c2e48c5391,e69de29bb2d1d6434b8b29ae775ad8c2e48c5391,MATCH,MATCH,false
paper_final/evidence_freeze_20260724/nominal/cases/p03_amplifier/command.txt,2c3ac0a8dc33152b6c6fc66ed7663e338f1a0866,2c3ac0a8dc33152b6c6fc66ed7663e338f1a0866,2c3ac0a8dc33152b6c6fc66ed7663e338f1a0866,MATCH,MATCH,false
paper_final/evidence_freeze_20260724/nominal/cases/p03_amplifier/metric_traces.json,b21d80681ffee030ef7f7f794992c0719c6a4a88,b21d80681ffee030ef7f7f794992c0719c6a4a88,b21d80681ffee030ef7f7f794992c0719c6a4a88,MATCH,MATCH,false
paper_final/evidence_freeze_20260724/nominal/cases/p03_amplifier/metrics.json,7040286ca420b78b8b0bbd688eeddf521c5e6419,7040286ca420b78b8b0bbd688eeddf521c5e6419,7040286ca420b78b8b0bbd688eeddf521c5e6419,MATCH,MATCH,false
paper_final/evidence_freeze_20260724/nominal/cases/p03_amplifier/p03_amplifier.cir,9ed2ec21fa6833a1707b9f03c284f91d81b94cd4,9ed2ec21fa6833a1707b9f03c284f91d81b94cd4,9ed2ec21fa6833a1707b9f03c284f91d81b94cd4,MATCH,MATCH,false
paper_final/evidence_freeze_20260724/nominal/cases/p03_amplifier/p03_amplifier.yaml,fd3f55a8c4a110f6c3a2b67622cb3fa90d350277,fd3f55a8c4a110f6c3a2b67622cb3fa90d350277,fd3f55a8c4a110f6c3a2b67622cb3fa90d350277,MATCH,MATCH,false
paper_final/evidence_freeze_20260724/nominal/cases/p03_amplifier/provenance.json,b2af02680ca637b9d601da5e4ec20e8cbcbb9bca,b2af02680ca637b9d601da5e4ec20e8cbcbb9bca,b2af02680ca637b9d601da5e4ec20e8cbcbb9bca,MATCH,MATCH,false
paper_final/evidence_freeze_20260724/nominal/cases/p03_amplifier/report.json,9afd216f1de67e6fb0b178754e9603c518fdec1c,9afd216f1de67e6fb0b178754e9603c518fdec1c,9afd216f1de67e6fb0b178754e9603c518fdec1c,MATCH,MATCH,false
paper_final/evidence_freeze_20260724/nominal/cases/p03_amplifier/stderr.txt,c888f27a5570232065fe12e053a1fb44b3e626ff,c888f27a5570232065fe12e053a1fb44b3e626ff,c888f27a5570232065fe12e053a1fb44b3e626ff,MATCH,MATCH,false
paper_final/evidence_freeze_20260724/nominal/cases/p03_amplifier/stdout.txt,e69de29bb2d1d6434b8b29ae775ad8c2e48c5391,e69de29bb2d1d6434b8b29ae775ad8c2e48c5391,e69de29bb2d1d6434b8b29ae775ad8c2e48c5391,MATCH,MATCH,false
paper_final/evidence_freeze_20260724/nominal/cases/p04_amplifier/command.txt,8aec56b38b0e8f0bf7d0989e8d829d91a8b0c2e2,8aec56b38b0e8f0bf7d0989e8d829d91a8b0c2e2,8aec56b38b0e8f0bf7d0989e8d829d91a8b0c2e2,MATCH,MATCH,false
paper_final/evidence_freeze_20260724/nominal/cases/p04_amplifier/metric_traces.json,0b94a244c029af2877bea0bf1e40c9d37246a836,0b94a244c029af2877bea0bf1e40c9d37246a836,0b94a244c029af2877bea0bf1e40c9d37246a836,MATCH,MATCH,false
paper_final/evidence_freeze_20260724/nominal/cases/p04_amplifier/metrics.json,a3f3e77349be36c430eeea8dcb8d25d560f83638,a3f3e77349be36c430eeea8dcb8d25d560f83638,a3f3e77349be36c430eeea8dcb8d25d560f83638,MATCH,MATCH,false
paper_final/evidence_freeze_20260724/nominal/cases/p04_amplifier/p04_amplifier.cir,16b45af921216679cab13561d24dc2a7f977a73d,16b45af921216679cab13561d24dc2a7f977a73d,16b45af921216679cab13561d24dc2a7f977a73d,MATCH,MATCH,false
paper_final/evidence_freeze_20260724/nominal/cases/p04_amplifier/p04_amplifier.yaml,d6e22076b3a166410ae2dbedd89d9a3235c39377,d6e22076b3a166410ae2dbedd89d9a3235c39377,d6e22076b3a166410ae2dbedd89d9a3235c39377,MATCH,MATCH,false
paper_final/evidence_freeze_20260724/nominal/cases/p04_amplifier/provenance.json,5ea066a6d5c07ef89bfceeb74f5be84775441253,5ea066a6d5c07ef89bfceeb74f5be84775441253,5ea066a6d5c07ef89bfceeb74f5be84775441253,MATCH,MATCH,false
paper_final/evidence_freeze_20260724/nominal/cases/p04_amplifier/report.json,07e82ac9e1cdc6e4ad7419ab82f55dff867e30f0,07e82ac9e1cdc6e4ad7419ab82f55dff867e30f0,07e82ac9e1cdc6e4ad7419ab82f55dff867e30f0,MATCH,MATCH,false
paper_final/evidence_freeze_20260724/nominal/cases/p04_amplifier/stderr.txt,c888f27a5570232065fe12e053a1fb44b3e626ff,c888f27a5570232065fe12e053a1fb44b3e626ff,c888f27a5570232065fe12e053a1fb44b3e626ff,MATCH,MATCH,false
paper_final/evidence_freeze_20260724/nominal/cases/p04_amplifier/stdout.txt,e69de29bb2d1d6434b8b29ae775ad8c2e48c5391,e69de29bb2d1d6434b8b29ae775ad8c2e48c5391,e69de29bb2d1d6434b8b29ae775ad8c2e48c5391,MATCH,MATCH,false
paper_final/evidence_freeze_20260724/nominal/cases/p05_amplifier/command.txt,c4d06273b4dc093db99478881025435e46e5bb07,c4d06273b4dc093db99478881025435e46e5bb07,c4d06273b4dc093db99478881025435e46e5bb07,MATCH,MATCH,false
paper_final/evidence_freeze_20260724/nominal/cases/p05_amplifier/metric_traces.json,8c6483858b198cb35136d238c4510d48a06b00da,8c6483858b198cb35136d238c4510d48a06b00da,8c6483858b198cb35136d238c4510d48a06b00da,MATCH,MATCH,false
paper_final/evidence_freeze_20260724/nominal/cases/p05_amplifier/metrics.json,ead935e80a34844ab8c70d1f7a378fb4b82dea68,ead935e80a34844ab8c70d1f7a378fb4b82dea68,ead935e80a34844ab8c70d1f7a378fb4b82dea68,MATCH,MATCH,false
paper_final/evidence_freeze_20260724/nominal/cases/p05_amplifier/p05_amplifier.cir,25919de255607adfdc0e8e5893599d35df7feab2,25919de255607adfdc0e8e5893599d35df7feab2,25919de255607adfdc0e8e5893599d35df7feab2,MATCH,MATCH,false
paper_final/evidence_freeze_20260724/nominal/cases/p05_amplifier/p05_amplifier.yaml,5bf7a2b69bc376b4f3476feba9143b0c9eb175e0,5bf7a2b69bc376b4f3476feba9143b0c9eb175e0,5bf7a2b69bc376b4f3476feba9143b0c9eb175e0,MATCH,MATCH,false
paper_final/evidence_freeze_20260724/nominal/cases/p05_amplifier/provenance.json,0efab1d6735bc128bdc00ad5d25037807e8f0caf,0efab1d6735bc128bdc00ad5d25037807e8f0caf,0efab1d6735bc128bdc00ad5d25037807e8f0caf,MATCH,MATCH,false
paper_final/evidence_freeze_20260724/nominal/cases/p05_amplifier/report.json,25c43db850d1763d3f5878bdb38e229b9cbf0179,25c43db850d1763d3f5878bdb38e229b9cbf0179,25c43db850d1763d3f5878bdb38e229b9cbf0179,MATCH,MATCH,false
paper_final/evidence_freeze_20260724/nominal/cases/p05_amplifier/stderr.txt,c888f27a5570232065fe12e053a1fb44b3e626ff,c888f27a5570232065fe12e053a1fb44b3e626ff,c888f27a5570232065fe12e053a1fb44b3e626ff,MATCH,MATCH,false
paper_final/evidence_freeze_20260724/nominal/cases/p05_amplifier/stdout.txt,e69de29bb2d1d6434b8b29ae775ad8c2e48c5391,e69de29bb2d1d6434b8b29ae775ad8c2e48c5391,e69de29bb2d1d6434b8b29ae775ad8c2e48c5391,MATCH,MATCH,false
paper_final/evidence_freeze_20260724/nominal/cases/p06_inverter/command.txt,368583d850288a74db8dcf36bac8de6c5f6555c3,368583d850288a74db8dcf36bac8de6c5f6555c3,368583d850288a74db8dcf36bac8de6c5f6555c3,MATCH,MATCH,false
paper_final/evidence_freeze_20260724/nominal/cases/p06_inverter/metric_traces.json,0186df442fb8ecfb396ab81f4bf9f1ec2320512c,0186df442fb8ecfb396ab81f4bf9f1ec2320512c,0186df442fb8ecfb396ab81f4bf9f1ec2320512c,MATCH,MATCH,false
paper_final/evidence_freeze_20260724/nominal/cases/p06_inverter/metrics.json,224b6d968dd2c412a977466472bc738c232278b9,224b6d968dd2c412a977466472bc738c232278b9,224b6d968dd2c412a977466472bc738c232278b9,MATCH,MATCH,false
paper_final/evidence_freeze_20260724/nominal/cases/p06_inverter/p06_inverter.cir,e0fef4d57e4383a1438cd554ad8d33a19132d2b8,e0fef4d57e4383a1438cd554ad8d33a19132d2b8,e0fef4d57e4383a1438cd554ad8d33a19132d2b8,MATCH,MATCH,false
paper_final/evidence_freeze_20260724/nominal/cases/p06_inverter/p06_inverter.yaml,6bccf1471bcb5c295f6229206cf8a9fcfc497558,6bccf1471bcb5c295f6229206cf8a9fcfc497558,6bccf1471bcb5c295f6229206cf8a9fcfc497558,MATCH,MATCH,false
paper_final/evidence_freeze_20260724/nominal/cases/p06_inverter/provenance.json,4371828191c8a14d9f51b40bf5e554c29587f6cc,4371828191c8a14d9f51b40bf5e554c29587f6cc,4371828191c8a14d9f51b40bf5e554c29587f6cc,MATCH,MATCH,false
paper_final/evidence_freeze_20260724/nominal/cases/p06_inverter/report.json,ca6c06e083eefd6ee71beaf58acdda8c238a855f,ca6c06e083eefd6ee71beaf58acdda8c238a855f,ca6c06e083eefd6ee71beaf58acdda8c238a855f,MATCH,MATCH,false
paper_final/evidence_freeze_20260724/nominal/cases/p06_inverter/stderr.txt,c888f27a5570232065fe12e053a1fb44b3e626ff,c888f27a5570232065fe12e053a1fb44b3e626ff,c888f27a5570232065fe12e053a1fb44b3e626ff,MATCH,MATCH,false
paper_final/evidence_freeze_20260724/nominal/cases/p06_inverter/stdout.txt,e69de29bb2d1d6434b8b29ae775ad8c2e48c5391,e69de29bb2d1d6434b8b29ae775ad8c2e48c5391,e69de29bb2d1d6434b8b29ae775ad8c2e48c5391,MATCH,MATCH,false
paper_final/evidence_freeze_20260724/nominal/cases/p07_inverter/command.txt,c3e6a0f899f9ceefc19f48f6cd7f512780b43626,c3e6a0f899f9ceefc19f48f6cd7f512780b43626,c3e6a0f899f9ceefc19f48f6cd7f512780b43626,MATCH,MATCH,false
paper_final/evidence_freeze_20260724/nominal/cases/p07_inverter/metric_traces.json,f24d613ab90482cdb8abb06865adbeafbb856099,f24d613ab90482cdb8abb06865adbeafbb856099,f24d613ab90482cdb8abb06865adbeafbb856099,MATCH,MATCH,false
paper_final/evidence_freeze_20260724/nominal/cases/p07_inverter/metrics.json,b9d2233d2d9027e3a281d594e00cd6a209b719c1,b9d2233d2d9027e3a281d594e00cd6a209b719c1,b9d2233d2d9027e3a281d594e00cd6a209b719c1,MATCH,MATCH,false
paper_final/evidence_freeze_20260724/nominal/cases/p07_inverter/p07_inverter.cir,71f9b685cd69dd918f228155b88e866ffb32c396,71f9b685cd69dd918f228155b88e866ffb32c396,71f9b685cd69dd918f228155b88e866ffb32c396,MATCH,MATCH,false
paper_final/evidence_freeze_20260724/nominal/cases/p07_inverter/p07_inverter.yaml,e5b2e9c515fe64160c67b964f20702cfc22aa401,e5b2e9c515fe64160c67b964f20702cfc22aa401,e5b2e9c515fe64160c67b964f20702cfc22aa401,MATCH,MATCH,false
paper_final/evidence_freeze_20260724/nominal/cases/p07_inverter/provenance.json,c9f0b4f43390ac8263424f03ac577e97b3909ac6,c9f0b4f43390ac8263424f03ac577e97b3909ac6,c9f0b4f43390ac8263424f03ac577e97b3909ac6,MATCH,MATCH,false
paper_final/evidence_freeze_20260724/nominal/cases/p07_inverter/report.json,cbdb76f416d81ec0a14c3864bcdcac586b457914,cbdb76f416d81ec0a14c3864bcdcac586b457914,cbdb76f416d81ec0a14c3864bcdcac586b457914,MATCH,MATCH,false
paper_final/evidence_freeze_20260724/nominal/cases/p07_inverter/stderr.txt,c888f27a5570232065fe12e053a1fb44b3e626ff,c888f27a5570232065fe12e053a1fb44b3e626ff,c888f27a5570232065fe12e053a1fb44b3e626ff,MATCH,MATCH,false
paper_final/evidence_freeze_20260724/nominal/cases/p07_inverter/stdout.txt,e69de29bb2d1d6434b8b29ae775ad8c2e48c5391,e69de29bb2d1d6434b8b29ae775ad8c2e48c5391,e69de29bb2d1d6434b8b29ae775ad8c2e48c5391,MATCH,MATCH,false
paper_final/evidence_freeze_20260724/nominal/cases/p08_currentmirror/command.txt,9580cd590e1777ca7e2e6bbb7466dfab2afdb813,9580cd590e1777ca7e2e6bbb7466dfab2afdb813,9580cd590e1777ca7e2e6bbb7466dfab2afdb813,MATCH,MATCH,false
paper_final/evidence_freeze_20260724/nominal/cases/p08_currentmirror/metric_traces.json,b8604f21705004e6dcb02a6edcf6cf06c35efc7e,b8604f21705004e6dcb02a6edcf6cf06c35efc7e,b8604f21705004e6dcb02a6edcf6cf06c35efc7e,MATCH,MATCH,false
paper_final/evidence_freeze_20260724/nominal/cases/p08_currentmirror/metrics.json,49ff9f6041078e7f072b3c2ce7c60f2342aa6e23,49ff9f6041078e7f072b3c2ce7c60f2342aa6e23,49ff9f6041078e7f072b3c2ce7c60f2342aa6e23,MATCH,MATCH,false
paper_final/evidence_freeze_20260724/nominal/cases/p08_currentmirror/p08_currentmirror.cir,df23fbb4498636648077db45c5aeef0702dec88b,df23fbb4498636648077db45c5aeef0702dec88b,df23fbb4498636648077db45c5aeef0702dec88b,MATCH,MATCH,false
paper_final/evidence_freeze_20260724/nominal/cases/p08_currentmirror/p08_currentmirror.yaml,16fdc5d0ec7a267118783505706d7877c784e365,16fdc5d0ec7a267118783505706d7877c784e365,16fdc5d0ec7a267118783505706d7877c784e365,MATCH,MATCH,false
paper_final/evidence_freeze_20260724/nominal/cases/p08_currentmirror/provenance.json,b2b9d20d956392d90f533d4ba3ef7e23139a86e6,b2b9d20d956392d90f533d4ba3ef7e23139a86e6,b2b9d20d956392d90f533d4ba3ef7e23139a86e6,MATCH,MATCH,false
paper_final/evidence_freeze_20260724/nominal/cases/p08_currentmirror/report.json,b9283260dc9f1cdab888c8e678fb4af6ae3b5eff,b9283260dc9f1cdab888c8e678fb4af6ae3b5eff,b9283260dc9f1cdab888c8e678fb4af6ae3b5eff,MATCH,MATCH,false
paper_final/evidence_freeze_20260724/nominal/cases/p08_currentmirror/stderr.txt,c888f27a5570232065fe12e053a1fb44b3e626ff,c888f27a5570232065fe12e053a1fb44b3e626ff,c888f27a5570232065fe12e053a1fb44b3e626ff,MATCH,MATCH,false
paper_final/evidence_freeze_20260724/nominal/cases/p08_currentmirror/stdout.txt,e69de29bb2d1d6434b8b29ae775ad8c2e48c5391,e69de29bb2d1d6434b8b29ae775ad8c2e48c5391,e69de29bb2d1d6434b8b29ae775ad8c2e48c5391,MATCH,MATCH,false
paper_final/evidence_freeze_20260724/nominal/cases/p09_comparator/command.txt,8f66db29e52d143eb8e464e77ba68ffacc092c53,8f66db29e52d143eb8e464e77ba68ffacc092c53,8f66db29e52d143eb8e464e77ba68ffacc092c53,MATCH,MATCH,false
paper_final/evidence_freeze_20260724/nominal/cases/p09_comparator/metric_traces.json,96b23cb93a64901cfdca4fe4f561af00da9833f8,96b23cb93a64901cfdca4fe4f561af00da9833f8,96b23cb93a64901cfdca4fe4f561af00da9833f8,MATCH,MATCH,false
paper_final/evidence_freeze_20260724/nominal/cases/p09_comparator/metrics.json,fc20c0c8f57b84e54cad0376b9124bf80728f6c1,fc20c0c8f57b84e54cad0376b9124bf80728f6c1,fc20c0c8f57b84e54cad0376b9124bf80728f6c1,MATCH,MATCH,false
paper_final/evidence_freeze_20260724/nominal/cases/p09_comparator/p09_comparator.cir,84281ffd2cc61c958a288415fa4faa733b209cbf,84281ffd2cc61c958a288415fa4faa733b209cbf,84281ffd2cc61c958a288415fa4faa733b209cbf,MATCH,MATCH,false
paper_final/evidence_freeze_20260724/nominal/cases/p09_comparator/p09_comparator.yaml,3f83fe08f569d9944e1571b4023a839b2b7bdcd1,3f83fe08f569d9944e1571b4023a839b2b7bdcd1,3f83fe08f569d9944e1571b4023a839b2b7bdcd1,MATCH,MATCH,false
paper_final/evidence_freeze_20260724/nominal/cases/p09_comparator/provenance.json,d77b5e78c607a9c3f2cdf04656d01c81d091d3fc,d77b5e78c607a9c3f2cdf04656d01c81d091d3fc,d77b5e78c607a9c3f2cdf04656d01c81d091d3fc,MATCH,MATCH,false
paper_final/evidence_freeze_20260724/nominal/cases/p09_comparator/report.json,26d500a586322c7f04d2346e24b8c3667077c82f,26d500a586322c7f04d2346e24b8c3667077c82f,26d500a586322c7f04d2346e24b8c3667077c82f,MATCH,MATCH,false
paper_final/evidence_freeze_20260724/nominal/cases/p09_comparator/stderr.txt,c888f27a5570232065fe12e053a1fb44b3e626ff,c888f27a5570232065fe12e053a1fb44b3e626ff,c888f27a5570232065fe12e053a1fb44b3e626ff,MATCH,MATCH,false
paper_final/evidence_freeze_20260724/nominal/cases/p09_comparator/stdout.txt,e69de29bb2d1d6434b8b29ae775ad8c2e48c5391,e69de29bb2d1d6434b8b29ae775ad8c2e48c5391,e69de29bb2d1d6434b8b29ae775ad8c2e48c5391,MATCH,MATCH,false
paper_final/evidence_freeze_20260724/nominal/cases/p10_lowpass/command.txt,8b16b44b9c31296bb24d0ddb227ffe2edc7000ca,8b16b44b9c31296bb24d0ddb227ffe2edc7000ca,8b16b44b9c31296bb24d0ddb227ffe2edc7000ca,MATCH,MATCH,false
paper_final/evidence_freeze_20260724/nominal/cases/p10_lowpass/metric_traces.json,36777c10ed79bfd4c872de250598cbb0bb1831a5,36777c10ed79bfd4c872de250598cbb0bb1831a5,36777c10ed79bfd4c872de250598cbb0bb1831a5,MATCH,MATCH,false
paper_final/evidence_freeze_20260724/nominal/cases/p10_lowpass/metrics.json,b73008d045c3df18f3b79dbbf106169eb60ff0bb,b73008d045c3df18f3b79dbbf106169eb60ff0bb,b73008d045c3df18f3b79dbbf106169eb60ff0bb,MATCH,MATCH,false
paper_final/evidence_freeze_20260724/nominal/cases/p10_lowpass/p10_lowpass.cir,6e91de34425bc499854c4cc643350700eff80444,6e91de34425bc499854c4cc643350700eff80444,6e91de34425bc499854c4cc643350700eff80444,MATCH,MATCH,false
paper_final/evidence_freeze_20260724/nominal/cases/p10_lowpass/p10_lowpass.yaml,f24960d5352e64a52772af56b3a01a8059066643,f24960d5352e64a52772af56b3a01a8059066643,f24960d5352e64a52772af56b3a01a8059066643,MATCH,MATCH,false
paper_final/evidence_freeze_20260724/nominal/cases/p10_lowpass/provenance.json,3b39020c827f1024097754a3cabc79811e9560ad,3b39020c827f1024097754a3cabc79811e9560ad,3b39020c827f1024097754a3cabc79811e9560ad,MATCH,MATCH,false
paper_final/evidence_freeze_20260724/nominal/cases/p10_lowpass/report.json,5f9b1d4af53fbd8c41f7ee439b6bc38c2b032041,5f9b1d4af53fbd8c41f7ee439b6bc38c2b032041,5f9b1d4af53fbd8c41f7ee439b6bc38c2b032041,MATCH,MATCH,false
paper_final/evidence_freeze_20260724/nominal/cases/p10_lowpass/stderr.txt,c888f27a5570232065fe12e053a1fb44b3e626ff,c888f27a5570232065fe12e053a1fb44b3e626ff,c888f27a5570232065fe12e053a1fb44b3e626ff,MATCH,MATCH,false
paper_final/evidence_freeze_20260724/nominal/cases/p10_lowpass/stdout.txt,e69de29bb2d1d6434b8b29ae775ad8c2e48c5391,e69de29bb2d1d6434b8b29ae775ad8c2e48c5391,e69de29bb2d1d6434b8b29ae775ad8c2e48c5391,MATCH,MATCH,false
paper_final/evidence_freeze_20260724/nominal/cases/p11_highpass/command.txt,8983f27424a2c8f5390771a7bc03383c42ee386e,8983f27424a2c8f5390771a7bc03383c42ee386e,8983f27424a2c8f5390771a7bc03383c42ee386e,MATCH,MATCH,false
paper_final/evidence_freeze_20260724/nominal/cases/p11_highpass/metric_traces.json,0253c85657945383380e29ace51ad39cf788b729,0253c85657945383380e29ace51ad39cf788b729,0253c85657945383380e29ace51ad39cf788b729,MATCH,MATCH,false
paper_final/evidence_freeze_20260724/nominal/cases/p11_highpass/metrics.json,3306bc0f794ab988a2324772ac762d24c84b73c0,3306bc0f794ab988a2324772ac762d24c84b73c0,3306bc0f794ab988a2324772ac762d24c84b73c0,MATCH,MATCH,false
paper_final/evidence_freeze_20260724/nominal/cases/p11_highpass/p11_highpass.cir,94e83f18389a86fc449cf170c42623d317ddaa29,94e83f18389a86fc449cf170c42623d317ddaa29,94e83f18389a86fc449cf170c42623d317ddaa29,MATCH,MATCH,false
paper_final/evidence_freeze_20260724/nominal/cases/p11_highpass/p11_highpass.yaml,08fbe04b44e5d310775f61fa488cd9bfa25faba0,08fbe04b44e5d310775f61fa488cd9bfa25faba0,08fbe04b44e5d310775f61fa488cd9bfa25faba0,MATCH,MATCH,false
paper_final/evidence_freeze_20260724/nominal/cases/p11_highpass/provenance.json,22b5d94159bb2c891f50fc04b16d8bafa2f2e4e0,22b5d94159bb2c891f50fc04b16d8bafa2f2e4e0,22b5d94159bb2c891f50fc04b16d8bafa2f2e4e0,MATCH,MATCH,false
paper_final/evidence_freeze_20260724/nominal/cases/p11_highpass/report.json,568f47f2bd61b3ea93871b72528a70796cab3794,568f47f2bd61b3ea93871b72528a70796cab3794,568f47f2bd61b3ea93871b72528a70796cab3794,MATCH,MATCH,false
paper_final/evidence_freeze_20260724/nominal/cases/p11_highpass/stderr.txt,c888f27a5570232065fe12e053a1fb44b3e626ff,c888f27a5570232065fe12e053a1fb44b3e626ff,c888f27a5570232065fe12e053a1fb44b3e626ff,MATCH,MATCH,false
paper_final/evidence_freeze_20260724/nominal/cases/p11_highpass/stdout.txt,e69de29bb2d1d6434b8b29ae775ad8c2e48c5391,e69de29bb2d1d6434b8b29ae775ad8c2e48c5391,e69de29bb2d1d6434b8b29ae775ad8c2e48c5391,MATCH,MATCH,false
paper_final/evidence_freeze_20260724/nominal/cases/p12_bandpass/command.txt,dffdfd9240d9df6181f887533b87b6eae8dc1e3b,dffdfd9240d9df6181f887533b87b6eae8dc1e3b,dffdfd9240d9df6181f887533b87b6eae8dc1e3b,MATCH,MATCH,false
paper_final/evidence_freeze_20260724/nominal/cases/p12_bandpass/metric_traces.json,4cb43a91c3a19edaafdf0f6250c053ce98079018,4cb43a91c3a19edaafdf0f6250c053ce98079018,4cb43a91c3a19edaafdf0f6250c053ce98079018,MATCH,MATCH,false
paper_final/evidence_freeze_20260724/nominal/cases/p12_bandpass/metrics.json,7cacf9090affc212467d814c5cf7bb40eb6b09cf,7cacf9090affc212467d814c5cf7bb40eb6b09cf,7cacf9090affc212467d814c5cf7bb40eb6b09cf,MATCH,MATCH,false
paper_final/evidence_freeze_20260724/nominal/cases/p12_bandpass/p12_bandpass.cir,e57cf5783715ad72058a5b5ee16256ea18b36c5e,e57cf5783715ad72058a5b5ee16256ea18b36c5e,e57cf5783715ad72058a5b5ee16256ea18b36c5e,MATCH,MATCH,false
paper_final/evidence_freeze_20260724/nominal/cases/p12_bandpass/p12_bandpass.yaml,104807cc5723b0754333e2f106444cee21654643,104807cc5723b0754333e2f106444cee21654643,104807cc5723b0754333e2f106444cee21654643,MATCH,MATCH,false
paper_final/evidence_freeze_20260724/nominal/cases/p12_bandpass/provenance.json,3a5de71c47705e5da8d29aabf2cdafa8135f2061,3a5de71c47705e5da8d29aabf2cdafa8135f2061,3a5de71c47705e5da8d29aabf2cdafa8135f2061,MATCH,MATCH,false
paper_final/evidence_freeze_20260724/nominal/cases/p12_bandpass/report.json,07943357928c980869d00208569e1bfd1bf46bf5,07943357928c980869d00208569e1bfd1bf46bf5,07943357928c980869d00208569e1bfd1bf46bf5,MATCH,MATCH,false
paper_final/evidence_freeze_20260724/nominal/cases/p12_bandpass/stderr.txt,c888f27a5570232065fe12e053a1fb44b3e626ff,c888f27a5570232065fe12e053a1fb44b3e626ff,c888f27a5570232065fe12e053a1fb44b3e626ff,MATCH,MATCH,false
paper_final/evidence_freeze_20260724/nominal/cases/p12_bandpass/stdout.txt,e69de29bb2d1d6434b8b29ae775ad8c2e48c5391,e69de29bb2d1d6434b8b29ae775ad8c2e48c5391,e69de29bb2d1d6434b8b29ae775ad8c2e48c5391,MATCH,MATCH,false
paper_final/evidence_freeze_20260724/nominal/cases/p13_bandstop/command.txt,25890d0ed3b38094996c5fd9f02c4af0b8588ac5,25890d0ed3b38094996c5fd9f02c4af0b8588ac5,25890d0ed3b38094996c5fd9f02c4af0b8588ac5,MATCH,MATCH,false
paper_final/evidence_freeze_20260724/nominal/cases/p13_bandstop/metric_traces.json,e504d5aeb6a679c2488a10b7c510c4176796a992,e504d5aeb6a679c2488a10b7c510c4176796a992,e504d5aeb6a679c2488a10b7c510c4176796a992,MATCH,MATCH,false
paper_final/evidence_freeze_20260724/nominal/cases/p13_bandstop/metrics.json,3306bc0f794ab988a2324772ac762d24c84b73c0,3306bc0f794ab988a2324772ac762d24c84b73c0,3306bc0f794ab988a2324772ac762d24c84b73c0,MATCH,MATCH,false
paper_final/evidence_freeze_20260724/nominal/cases/p13_bandstop/p13_bandstop.cir,31db4f3264064328a336268c5e2e042bce8efe65,31db4f3264064328a336268c5e2e042bce8efe65,31db4f3264064328a336268c5e2e042bce8efe65,MATCH,MATCH,false
paper_final/evidence_freeze_20260724/nominal/cases/p13_bandstop/p13_bandstop.yaml,41eaef3c4ecf2693ef42942bb3096f48652c9cff,41eaef3c4ecf2693ef42942bb3096f48652c9cff,41eaef3c4ecf2693ef42942bb3096f48652c9cff,MATCH,MATCH,false
paper_final/evidence_freeze_20260724/nominal/cases/p13_bandstop/provenance.json,8e09bf93f79eb4079db451fd4520094c06126837,8e09bf93f79eb4079db451fd4520094c06126837,8e09bf93f79eb4079db451fd4520094c06126837,MATCH,MATCH,false
paper_final/evidence_freeze_20260724/nominal/cases/p13_bandstop/report.json,194b4e018be59f30a72f7830096210726d6ff6f4,194b4e018be59f30a72f7830096210726d6ff6f4,194b4e018be59f30a72f7830096210726d6ff6f4,MATCH,MATCH,false
paper_final/evidence_freeze_20260724/nominal/cases/p13_bandstop/stderr.txt,c888f27a5570232065fe12e053a1fb44b3e626ff,c888f27a5570232065fe12e053a1fb44b3e626ff,c888f27a5570232065fe12e053a1fb44b3e626ff,MATCH,MATCH,false
paper_final/evidence_freeze_20260724/nominal/cases/p13_bandstop/stdout.txt,e69de29bb2d1d6434b8b29ae775ad8c2e48c5391,e69de29bb2d1d6434b8b29ae775ad8c2e48c5391,e69de29bb2d1d6434b8b29ae775ad8c2e48c5391,MATCH,MATCH,false
paper_final/evidence_freeze_20260724/nominal/cases/p14_amplifier/command.txt,f6353c846edd69580844e3cfc6bcaa62cb3ab1b8,f6353c846edd69580844e3cfc6bcaa62cb3ab1b8,f6353c846edd69580844e3cfc6bcaa62cb3ab1b8,MATCH,MATCH,false
paper_final/evidence_freeze_20260724/nominal/cases/p14_amplifier/metric_traces.json,de63dfc4f8096ad60732a919b50221e310e5e596,de63dfc4f8096ad60732a919b50221e310e5e596,de63dfc4f8096ad60732a919b50221e310e5e596,MATCH,MATCH,false
paper_final/evidence_freeze_20260724/nominal/cases/p14_amplifier/metrics.json,a75d85e7b85aecbe80a75759317b9232b2717bf1,a75d85e7b85aecbe80a75759317b9232b2717bf1,a75d85e7b85aecbe80a75759317b9232b2717bf1,MATCH,MATCH,false
paper_final/evidence_freeze_20260724/nominal/cases/p14_amplifier/p14_amplifier.cir,bc198c7c9a70f5a2153865581fc22172e699a9bd,bc198c7c9a70f5a2153865581fc22172e699a9bd,bc198c7c9a70f5a2153865581fc22172e699a9bd,MATCH,MATCH,false
paper_final/evidence_freeze_20260724/nominal/cases/p14_amplifier/p14_amplifier.yaml,ea7f6e407dd75c6de9af6ca82a8921e24785082f,ea7f6e407dd75c6de9af6ca82a8921e24785082f,ea7f6e407dd75c6de9af6ca82a8921e24785082f,MATCH,MATCH,false
paper_final/evidence_freeze_20260724/nominal/cases/p14_amplifier/provenance.json,f777457275d349430ad5fcdf697f3fa3327dd24f,f777457275d349430ad5fcdf697f3fa3327dd24f,f777457275d349430ad5fcdf697f3fa3327dd24f,MATCH,MATCH,false
paper_final/evidence_freeze_20260724/nominal/cases/p14_amplifier/report.json,648126399862a55e2b821c05e3b17f4a77b2e8ae,648126399862a55e2b821c05e3b17f4a77b2e8ae,648126399862a55e2b821c05e3b17f4a77b2e8ae,MATCH,MATCH,false
paper_final/evidence_freeze_20260724/nominal/cases/p14_amplifier/stderr.txt,c888f27a5570232065fe12e053a1fb44b3e626ff,c888f27a5570232065fe12e053a1fb44b3e626ff,c888f27a5570232065fe12e053a1fb44b3e626ff,MATCH,MATCH,false
paper_final/evidence_freeze_20260724/nominal/cases/p14_amplifier/stdout.txt,e69de29bb2d1d6434b8b29ae775ad8c2e48c5391,e69de29bb2d1d6434b8b29ae775ad8c2e48c5391,e69de29bb2d1d6434b8b29ae775ad8c2e48c5391,MATCH,MATCH,false
paper_final/evidence_freeze_20260724/nominal/cases/p15_amplifier/command.txt,5b9f230e6d7cb26767857c0eeaaaceb75fde2e60,5b9f230e6d7cb26767857c0eeaaaceb75fde2e60,5b9f230e6d7cb26767857c0eeaaaceb75fde2e60,MATCH,MATCH,false
paper_final/evidence_freeze_20260724/nominal/cases/p15_amplifier/metric_traces.json,20d4d65aeac672f87a064b95d5a70b3f5bae96e4,20d4d65aeac672f87a064b95d5a70b3f5bae96e4,20d4d65aeac672f87a064b95d5a70b3f5bae96e4,MATCH,MATCH,false
paper_final/evidence_freeze_20260724/nominal/cases/p15_amplifier/metrics.json,e4b94c45663ca5674755a8527c11c297f022f89c,e4b94c45663ca5674755a8527c11c297f022f89c,e4b94c45663ca5674755a8527c11c297f022f89c,MATCH,MATCH,false
paper_final/evidence_freeze_20260724/nominal/cases/p15_amplifier/p15_amplifier.cir,652edc01e6f5a580b477d95fafd0001236ac2cc2,652edc01e6f5a580b477d95fafd0001236ac2cc2,652edc01e6f5a580b477d95fafd0001236ac2cc2,MATCH,MATCH,false
paper_final/evidence_freeze_20260724/nominal/cases/p15_amplifier/p15_amplifier.yaml,575631cb2894ba76b8563292b32a303c590a77fa,575631cb2894ba76b8563292b32a303c590a77fa,575631cb2894ba76b8563292b32a303c590a77fa,MATCH,MATCH,false
paper_final/evidence_freeze_20260724/nominal/cases/p15_amplifier/provenance.json,b866bb02f3ebbbff4bd78d8e6c8e5f725a14bafd,b866bb02f3ebbbff4bd78d8e6c8e5f725a14bafd,b866bb02f3ebbbff4bd78d8e6c8e5f725a14bafd,MATCH,MATCH,false
paper_final/evidence_freeze_20260724/nominal/cases/p15_amplifier/report.json,f440c61cec7e503903267ff12a0c15fab280c1c7,f440c61cec7e503903267ff12a0c15fab280c1c7,f440c61cec7e503903267ff12a0c15fab280c1c7,MATCH,MATCH,false
paper_final/evidence_freeze_20260724/nominal/cases/p15_amplifier/stderr.txt,c888f27a5570232065fe12e053a1fb44b3e626ff,c888f27a5570232065fe12e053a1fb44b3e626ff,c888f27a5570232065fe12e053a1fb44b3e626ff,MATCH,MATCH,false
paper_final/evidence_freeze_20260724/nominal/cases/p15_amplifier/stdout.txt,e69de29bb2d1d6434b8b29ae775ad8c2e48c5391,e69de29bb2d1d6434b8b29ae775ad8c2e48c5391,e69de29bb2d1d6434b8b29ae775ad8c2e48c5391,MATCH,MATCH,false
paper_final/evidence_freeze_20260724/nominal/cases/p16_opamp/command.txt,2d6550c54c79eef39a81ac7efdb12bca5cd299c4,2d6550c54c79eef39a81ac7efdb12bca5cd299c4,2d6550c54c79eef39a81ac7efdb12bca5cd299c4,MATCH,MATCH,false
paper_final/evidence_freeze_20260724/nominal/cases/p16_opamp/metric_traces.json,92282610075feb45c7c27940a86150789e629a34,92282610075feb45c7c27940a86150789e629a34,92282610075feb45c7c27940a86150789e629a34,MATCH,MATCH,false
paper_final/evidence_freeze_20260724/nominal/cases/p16_opamp/metrics.json,9e7ca1cfcd4ef87d251aeae31551dc8091feeac9,9e7ca1cfcd4ef87d251aeae31551dc8091feeac9,9e7ca1cfcd4ef87d251aeae31551dc8091feeac9,MATCH,MATCH,false
paper_final/evidence_freeze_20260724/nominal/cases/p16_opamp/p16_opamp.cir,ec70c3d8ad6534d89b0aef5ea81135ee704f5183,ec70c3d8ad6534d89b0aef5ea81135ee704f5183,ec70c3d8ad6534d89b0aef5ea81135ee704f5183,MATCH,MATCH,false
paper_final/evidence_freeze_20260724/nominal/cases/p16_opamp/p16_opamp.yaml,1418ff535ade7717e8854b876b1fddf07e6acde0,1418ff535ade7717e8854b876b1fddf07e6acde0,1418ff535ade7717e8854b876b1fddf07e6acde0,MATCH,MATCH,false
paper_final/evidence_freeze_20260724/nominal/cases/p16_opamp/provenance.json,55b023596f2c74923baf63888b62dce00e3aae92,55b023596f2c74923baf63888b62dce00e3aae92,55b023596f2c74923baf63888b62dce00e3aae92,MATCH,MATCH,false
paper_final/evidence_freeze_20260724/nominal/cases/p16_opamp/report.json,893ff3644ddab9c9129f60f214c0c86cf8cf9380,893ff3644ddab9c9129f60f214c0c86cf8cf9380,893ff3644ddab9c9129f60f214c0c86cf8cf9380,MATCH,MATCH,false
paper_final/evidence_freeze_20260724/nominal/cases/p16_opamp/stderr.txt,c888f27a5570232065fe12e053a1fb44b3e626ff,c888f27a5570232065fe12e053a1fb44b3e626ff,c888f27a5570232065fe12e053a1fb44b3e626ff,MATCH,MATCH,false
paper_final/evidence_freeze_20260724/nominal/cases/p16_opamp/stdout.txt,e69de29bb2d1d6434b8b29ae775ad8c2e48c5391,e69de29bb2d1d6434b8b29ae775ad8c2e48c5391,e69de29bb2d1d6434b8b29ae775ad8c2e48c5391,MATCH,MATCH,false
paper_final/evidence_freeze_20260724/nominal/cases/p17_currentmirror/command.txt,f2f98002145dca28a211371e69b1b3604f0ff327,f2f98002145dca28a211371e69b1b3604f0ff327,f2f98002145dca28a211371e69b1b3604f0ff327,MATCH,MATCH,false
paper_final/evidence_freeze_20260724/nominal/cases/p17_currentmirror/metric_traces.json,86f4210b753310b9af93f93bf81459cacb12b21a,86f4210b753310b9af93f93bf81459cacb12b21a,86f4210b753310b9af93f93bf81459cacb12b21a,MATCH,MATCH,false
paper_final/evidence_freeze_20260724/nominal/cases/p17_currentmirror/metrics.json,5578e8c9b5abc862c57851e557364eeec88915a8,5578e8c9b5abc862c57851e557364eeec88915a8,5578e8c9b5abc862c57851e557364eeec88915a8,MATCH,MATCH,false
paper_final/evidence_freeze_20260724/nominal/cases/p17_currentmirror/p17_currentmirror.cir,d8d29fd9aa51c5b1ef76d2f201c4268a2cc92243,d8d29fd9aa51c5b1ef76d2f201c4268a2cc92243,d8d29fd9aa51c5b1ef76d2f201c4268a2cc92243,MATCH,MATCH,false
paper_final/evidence_freeze_20260724/nominal/cases/p17_currentmirror/p17_currentmirror.yaml,6cffdae5e39ce3eb77b07d52f5a6ce537ab0db4c,6cffdae5e39ce3eb77b07d52f5a6ce537ab0db4c,6cffdae5e39ce3eb77b07d52f5a6ce537ab0db4c,MATCH,MATCH,false
paper_final/evidence_freeze_20260724/nominal/cases/p17_currentmirror/provenance.json,f95cdbc90165f9035d2b8040b08e86522460eae9,f95cdbc90165f9035d2b8040b08e86522460eae9,f95cdbc90165f9035d2b8040b08e86522460eae9,MATCH,MATCH,false
paper_final/evidence_freeze_20260724/nominal/cases/p17_currentmirror/report.json,69b2d81c4f58f0d05b9858d206a64e62c2531d68,69b2d81c4f58f0d05b9858d206a64e62c2531d68,69b2d81c4f58f0d05b9858d206a64e62c2531d68,MATCH,MATCH,false
paper_final/evidence_freeze_20260724/nominal/cases/p17_currentmirror/stderr.txt,c888f27a5570232065fe12e053a1fb44b3e626ff,c888f27a5570232065fe12e053a1fb44b3e626ff,c888f27a5570232065fe12e053a1fb44b3e626ff,MATCH,MATCH,false
paper_final/evidence_freeze_20260724/nominal/cases/p17_currentmirror/stdout.txt,e69de29bb2d1d6434b8b29ae775ad8c2e48c5391,e69de29bb2d1d6434b8b29ae775ad8c2e48c5391,e69de29bb2d1d6434b8b29ae775ad8c2e48c5391,MATCH,MATCH,false
paper_final/evidence_freeze_20260724/nominal/cases/p18_opamp/command.txt,45f927d74ffb0fa886163fe5e4f3416aadad78df,45f927d74ffb0fa886163fe5e4f3416aadad78df,45f927d74ffb0fa886163fe5e4f3416aadad78df,MATCH,MATCH,false
paper_final/evidence_freeze_20260724/nominal/cases/p18_opamp/metric_traces.json,0d237d564f6cc8ba3ad508ba7142def1cf82940b,0d237d564f6cc8ba3ad508ba7142def1cf82940b,0d237d564f6cc8ba3ad508ba7142def1cf82940b,MATCH,MATCH,false
paper_final/evidence_freeze_20260724/nominal/cases/p18_opamp/metrics.json,814800166b03737c4649b7c7dbc5f817e2c6b9af,814800166b03737c4649b7c7dbc5f817e2c6b9af,814800166b03737c4649b7c7dbc5f817e2c6b9af,MATCH,MATCH,false
paper_final/evidence_freeze_20260724/nominal/cases/p18_opamp/p18_opamp.cir,bdeec17231bc2d49649cf39aea8f2ec8dc5d2afe,bdeec17231bc2d49649cf39aea8f2ec8dc5d2afe,bdeec17231bc2d49649cf39aea8f2ec8dc5d2afe,MATCH,MATCH,false
paper_final/evidence_freeze_20260724/nominal/cases/p18_opamp/p18_opamp.yaml,5aabdeb4f54f81f65c12828dbb3e2a09d38c70ff,5aabdeb4f54f81f65c12828dbb3e2a09d38c70ff,5aabdeb4f54f81f65c12828dbb3e2a09d38c70ff,MATCH,MATCH,false
paper_final/evidence_freeze_20260724/nominal/cases/p18_opamp/provenance.json,3e9f95e0dde08a3121bec29a527a443431a7b57d,3e9f95e0dde08a3121bec29a527a443431a7b57d,3e9f95e0dde08a3121bec29a527a443431a7b57d,MATCH,MATCH,false
paper_final/evidence_freeze_20260724/nominal/cases/p18_opamp/report.json,d2a074c42227fdd100cbf96835d515539413b73a,d2a074c42227fdd100cbf96835d515539413b73a,d2a074c42227fdd100cbf96835d515539413b73a,MATCH,MATCH,false
paper_final/evidence_freeze_20260724/nominal/cases/p18_opamp/stderr.txt,c888f27a5570232065fe12e053a1fb44b3e626ff,c888f27a5570232065fe12e053a1fb44b3e626ff,c888f27a5570232065fe12e053a1fb44b3e626ff,MATCH,MATCH,false
paper_final/evidence_freeze_20260724/nominal/cases/p18_opamp/stdout.txt,e69de29bb2d1d6434b8b29ae775ad8c2e48c5391,e69de29bb2d1d6434b8b29ae775ad8c2e48c5391,e69de29bb2d1d6434b8b29ae775ad8c2e48c5391,MATCH,MATCH,false
paper_final/evidence_freeze_20260724/nominal/cases/p19_mixer/command.txt,2f60f45aaf47d69714801e182b9a58f01151f5a4,2f60f45aaf47d69714801e182b9a58f01151f5a4,2f60f45aaf47d69714801e182b9a58f01151f5a4,MATCH,MATCH,false
paper_final/evidence_freeze_20260724/nominal/cases/p19_mixer/metric_traces.json,c7888ebf2173140d684a9552ccf26cb7c5b238af,c7888ebf2173140d684a9552ccf26cb7c5b238af,c7888ebf2173140d684a9552ccf26cb7c5b238af,MATCH,MATCH,false
paper_final/evidence_freeze_20260724/nominal/cases/p19_mixer/metrics.json,5635eb34fbc7a70ee99e148b5949c4d915d2e0d3,5635eb34fbc7a70ee99e148b5949c4d915d2e0d3,5635eb34fbc7a70ee99e148b5949c4d915d2e0d3,MATCH,MATCH,false
paper_final/evidence_freeze_20260724/nominal/cases/p19_mixer/p19_mixer.cir,3ccd1e6d6a09547f273a7db4ea4d22e771e9c0a4,3ccd1e6d6a09547f273a7db4ea4d22e771e9c0a4,3ccd1e6d6a09547f273a7db4ea4d22e771e9c0a4,MATCH,MATCH,false
paper_final/evidence_freeze_20260724/nominal/cases/p19_mixer/p19_mixer.yaml,0ba6a93e899d8b59d991c9b6c52d3693aa188e26,0ba6a93e899d8b59d991c9b6c52d3693aa188e26,0ba6a93e899d8b59d991c9b6c52d3693aa188e26,MATCH,MATCH,false
paper_final/evidence_freeze_20260724/nominal/cases/p19_mixer/provenance.json,2c9a4648890c6ff3fcf232b4143f4c63b1a976e6,2c9a4648890c6ff3fcf232b4143f4c63b1a976e6,2c9a4648890c6ff3fcf232b4143f4c63b1a976e6,MATCH,MATCH,false
paper_final/evidence_freeze_20260724/nominal/cases/p19_mixer/report.json,369dc8ca400a9cd298f5d6693f9423b3391a304e,369dc8ca400a9cd298f5d6693f9423b3391a304e,369dc8ca400a9cd298f5d6693f9423b3391a304e,MATCH,MATCH,false
paper_final/evidence_freeze_20260724/nominal/cases/p19_mixer/stderr.txt,c888f27a5570232065fe12e053a1fb44b3e626ff,c888f27a5570232065fe12e053a1fb44b3e626ff,c888f27a5570232065fe12e053a1fb44b3e626ff,MATCH,MATCH,false
paper_final/evidence_freeze_20260724/nominal/cases/p19_mixer/stdout.txt,e69de29bb2d1d6434b8b29ae775ad8c2e48c5391,e69de29bb2d1d6434b8b29ae775ad8c2e48c5391,e69de29bb2d1d6434b8b29ae775ad8c2e48c5391,MATCH,MATCH,false
paper_final/evidence_freeze_20260724/nominal/cases/p20_opamp/command.txt,ab3ed00c49674e1a59e4bf6f83f9b88350d1ad47,ab3ed00c49674e1a59e4bf6f83f9b88350d1ad47,ab3ed00c49674e1a59e4bf6f83f9b88350d1ad47,MATCH,MATCH,false
paper_final/evidence_freeze_20260724/nominal/cases/p20_opamp/metric_traces.json,4f4bb2254b819f9368078a3c00b182e6975c60d8,4f4bb2254b819f9368078a3c00b182e6975c60d8,4f4bb2254b819f9368078a3c00b182e6975c60d8,MATCH,MATCH,false
paper_final/evidence_freeze_20260724/nominal/cases/p20_opamp/metrics.json,d83b1c7675c88956d0e38fa868790dc4f3dfcec9,d83b1c7675c88956d0e38fa868790dc4f3dfcec9,d83b1c7675c88956d0e38fa868790dc4f3dfcec9,MATCH,MATCH,false
paper_final/evidence_freeze_20260724/nominal/cases/p20_opamp/p20_opamp.cir,d74c452ee42fa6a56b1859f6ce0f60347b6090ee,d74c452ee42fa6a56b1859f6ce0f60347b6090ee,d74c452ee42fa6a56b1859f6ce0f60347b6090ee,MATCH,MATCH,false
paper_final/evidence_freeze_20260724/nominal/cases/p20_opamp/p20_opamp.yaml,1bb97bae531256faea3658861d2bb5ef654f4df6,1bb97bae531256faea3658861d2bb5ef654f4df6,1bb97bae531256faea3658861d2bb5ef654f4df6,MATCH,MATCH,false
paper_final/evidence_freeze_20260724/nominal/cases/p20_opamp/provenance.json,b088f9ea992cb8de0d3200ab6ea1e79475f85e24,b088f9ea992cb8de0d3200ab6ea1e79475f85e24,b088f9ea992cb8de0d3200ab6ea1e79475f85e24,MATCH,MATCH,false
paper_final/evidence_freeze_20260724/nominal/cases/p20_opamp/report.json,f4f81dc66da9f1755caa259602e5e605186c8367,f4f81dc66da9f1755caa259602e5e605186c8367,f4f81dc66da9f1755caa259602e5e605186c8367,MATCH,MATCH,false
paper_final/evidence_freeze_20260724/nominal/cases/p20_opamp/stderr.txt,c888f27a5570232065fe12e053a1fb44b3e626ff,c888f27a5570232065fe12e053a1fb44b3e626ff,c888f27a5570232065fe12e053a1fb44b3e626ff,MATCH,MATCH,false
paper_final/evidence_freeze_20260724/nominal/cases/p20_opamp/stdout.txt,e69de29bb2d1d6434b8b29ae775ad8c2e48c5391,e69de29bb2d1d6434b8b29ae775ad8c2e48c5391,e69de29bb2d1d6434b8b29ae775ad8c2e48c5391,MATCH,MATCH,false
paper_final/evidence_freeze_20260724/nominal/cases/p21_opamp/command.txt,140faccaea6c8c137c26f6d9fc1a28e491d4cae1,140faccaea6c8c137c26f6d9fc1a28e491d4cae1,140faccaea6c8c137c26f6d9fc1a28e491d4cae1,MATCH,MATCH,false
paper_final/evidence_freeze_20260724/nominal/cases/p21_opamp/metric_traces.json,a5dd086f3e7f89493feed839f3da8c5f22a1500a,a5dd086f3e7f89493feed839f3da8c5f22a1500a,a5dd086f3e7f89493feed839f3da8c5f22a1500a,MATCH,MATCH,false
paper_final/evidence_freeze_20260724/nominal/cases/p21_opamp/metrics.json,7232b62d0d491327b2f23909407490ee1900910e,7232b62d0d491327b2f23909407490ee1900910e,7232b62d0d491327b2f23909407490ee1900910e,MATCH,MATCH,false
paper_final/evidence_freeze_20260724/nominal/cases/p21_opamp/p21_opamp.cir,b1a5837de807ec114ee5fc8858029e8a0f6b4966,b1a5837de807ec114ee5fc8858029e8a0f6b4966,b1a5837de807ec114ee5fc8858029e8a0f6b4966,MATCH,MATCH,false
paper_final/evidence_freeze_20260724/nominal/cases/p21_opamp/p21_opamp.yaml,cc0ab530b151cd592bcd89cdde551506cff37201,cc0ab530b151cd592bcd89cdde551506cff37201,cc0ab530b151cd592bcd89cdde551506cff37201,MATCH,MATCH,false
paper_final/evidence_freeze_20260724/nominal/cases/p21_opamp/provenance.json,46348c4e596ca654fc25151c211fad872dfdc197,46348c4e596ca654fc25151c211fad872dfdc197,46348c4e596ca654fc25151c211fad872dfdc197,MATCH,MATCH,false
paper_final/evidence_freeze_20260724/nominal/cases/p21_opamp/report.json,d1c4285d6b675ac868de1962d0e36d65c8fd7162,d1c4285d6b675ac868de1962d0e36d65c8fd7162,d1c4285d6b675ac868de1962d0e36d65c8fd7162,MATCH,MATCH,false
paper_final/evidence_freeze_20260724/nominal/cases/p21_opamp/stderr.txt,c888f27a5570232065fe12e053a1fb44b3e626ff,c888f27a5570232065fe12e053a1fb44b3e626ff,c888f27a5570232065fe12e053a1fb44b3e626ff,MATCH,MATCH,false
paper_final/evidence_freeze_20260724/nominal/cases/p21_opamp/stdout.txt,e69de29bb2d1d6434b8b29ae775ad8c2e48c5391,e69de29bb2d1d6434b8b29ae775ad8c2e48c5391,e69de29bb2d1d6434b8b29ae775ad8c2e48c5391,MATCH,MATCH,false
paper_final/evidence_freeze_20260724/nominal/cases/p22_oscillator/command.txt,7f534177398758a5fab41e781caa822616dcbb22,7f534177398758a5fab41e781caa822616dcbb22,7f534177398758a5fab41e781caa822616dcbb22,MATCH,MATCH,false
paper_final/evidence_freeze_20260724/nominal/cases/p22_oscillator/metric_traces.json,b45c4fe18ca836730c73268aab201bf72f24aa4e,b45c4fe18ca836730c73268aab201bf72f24aa4e,b45c4fe18ca836730c73268aab201bf72f24aa4e,MATCH,MATCH,false
paper_final/evidence_freeze_20260724/nominal/cases/p22_oscillator/metrics.json,bb60182cee76eeac432fe62fd336ed5e7dcd7812,bb60182cee76eeac432fe62fd336ed5e7dcd7812,bb60182cee76eeac432fe62fd336ed5e7dcd7812,MATCH,MATCH,false
paper_final/evidence_freeze_20260724/nominal/cases/p22_oscillator/p22_oscillator.cir,a99f2bf38a6ebacc5fc916e97b307a299e0052a0,a99f2bf38a6ebacc5fc916e97b307a299e0052a0,a99f2bf38a6ebacc5fc916e97b307a299e0052a0,MATCH,MATCH,false
paper_final/evidence_freeze_20260724/nominal/cases/p22_oscillator/p22_oscillator.yaml,7170dd37daf479961fc1bf774d38d7b1ce605eef,7170dd37daf479961fc1bf774d38d7b1ce605eef,7170dd37daf479961fc1bf774d38d7b1ce605eef,MATCH,MATCH,false
paper_final/evidence_freeze_20260724/nominal/cases/p22_oscillator/provenance.json,4ee643c7128997706d3ef87bf69b449d41b6edd5,4ee643c7128997706d3ef87bf69b449d41b6edd5,4ee643c7128997706d3ef87bf69b449d41b6edd5,MATCH,MATCH,false
paper_final/evidence_freeze_20260724/nominal/cases/p22_oscillator/report.json,18b22f29d5aed6538892f8569e2d33fecc3791d8,18b22f29d5aed6538892f8569e2d33fecc3791d8,18b22f29d5aed6538892f8569e2d33fecc3791d8,MATCH,MATCH,false
paper_final/evidence_freeze_20260724/nominal/cases/p22_oscillator/stderr.txt,c888f27a5570232065fe12e053a1fb44b3e626ff,c888f27a5570232065fe12e053a1fb44b3e626ff,c888f27a5570232065fe12e053a1fb44b3e626ff,MATCH,MATCH,false
paper_final/evidence_freeze_20260724/nominal/cases/p22_oscillator/stdout.txt,e69de29bb2d1d6434b8b29ae775ad8c2e48c5391,e69de29bb2d1d6434b8b29ae775ad8c2e48c5391,e69de29bb2d1d6434b8b29ae775ad8c2e48c5391,MATCH,MATCH,false
paper_final/evidence_freeze_20260724/nominal/cases/p23_oscillator/command.txt,a9672cbcb02110a7ecf4c4e9d6aefd5af15a07a3,a9672cbcb02110a7ecf4c4e9d6aefd5af15a07a3,a9672cbcb02110a7ecf4c4e9d6aefd5af15a07a3,MATCH,MATCH,false
paper_final/evidence_freeze_20260724/nominal/cases/p23_oscillator/metric_traces.json,9bcf2933eb026ef25001cb746d08ae6040ea97ba,9bcf2933eb026ef25001cb746d08ae6040ea97ba,9bcf2933eb026ef25001cb746d08ae6040ea97ba,MATCH,MATCH,false
paper_final/evidence_freeze_20260724/nominal/cases/p23_oscillator/metrics.json,f5ea4c900183bcf67745bafdd5b56c62a751c26b,f5ea4c900183bcf67745bafdd5b56c62a751c26b,f5ea4c900183bcf67745bafdd5b56c62a751c26b,MATCH,MATCH,false
paper_final/evidence_freeze_20260724/nominal/cases/p23_oscillator/p23_oscillator.cir,6be6ea4b4715e6a7438a14d1481169a9616a4aa9,6be6ea4b4715e6a7438a14d1481169a9616a4aa9,6be6ea4b4715e6a7438a14d1481169a9616a4aa9,MATCH,MATCH,false
paper_final/evidence_freeze_20260724/nominal/cases/p23_oscillator/p23_oscillator.yaml,cbd2f5bb0a216e833b49985b8cea1f18928edbff,cbd2f5bb0a216e833b49985b8cea1f18928edbff,cbd2f5bb0a216e833b49985b8cea1f18928edbff,MATCH,MATCH,false
paper_final/evidence_freeze_20260724/nominal/cases/p23_oscillator/provenance.json,445d26edfe750a264a2909c10e1aee791624b68c,445d26edfe750a264a2909c10e1aee791624b68c,445d26edfe750a264a2909c10e1aee791624b68c,MATCH,MATCH,false
paper_final/evidence_freeze_20260724/nominal/cases/p23_oscillator/report.json,6337c5ff73c225a24093674992b04148594eed56,6337c5ff73c225a24093674992b04148594eed56,6337c5ff73c225a24093674992b04148594eed56,MATCH,MATCH,false
paper_final/evidence_freeze_20260724/nominal/cases/p23_oscillator/stderr.txt,c888f27a5570232065fe12e053a1fb44b3e626ff,c888f27a5570232065fe12e053a1fb44b3e626ff,c888f27a5570232065fe12e053a1fb44b3e626ff,MATCH,MATCH,false
paper_final/evidence_freeze_20260724/nominal/cases/p23_oscillator/stdout.txt,e69de29bb2d1d6434b8b29ae775ad8c2e48c5391,e69de29bb2d1d6434b8b29ae775ad8c2e48c5391,e69de29bb2d1d6434b8b29ae775ad8c2e48c5391,MATCH,MATCH,false
paper_final/evidence_freeze_20260724/nominal/cases/p24_integrator/command.txt,8df9333468aa92784866aec2d381ed577cf3b98f,8df9333468aa92784866aec2d381ed577cf3b98f,8df9333468aa92784866aec2d381ed577cf3b98f,MATCH,MATCH,false
paper_final/evidence_freeze_20260724/nominal/cases/p24_integrator/metric_traces.json,a2cf751f1498752d77cc29a42d2dee0cec305437,a2cf751f1498752d77cc29a42d2dee0cec305437,a2cf751f1498752d77cc29a42d2dee0cec305437,MATCH,MATCH,false
paper_final/evidence_freeze_20260724/nominal/cases/p24_integrator/metrics.json,40c0b7a7f1eb2f02c9f7ae614dd4f28c78bc913e,40c0b7a7f1eb2f02c9f7ae614dd4f28c78bc913e,40c0b7a7f1eb2f02c9f7ae614dd4f28c78bc913e,MATCH,MATCH,false
paper_final/evidence_freeze_20260724/nominal/cases/p24_integrator/p24_integrator.cir,aa5af0c86d2f752eb22e6af329649f7356d07114,aa5af0c86d2f752eb22e6af329649f7356d07114,aa5af0c86d2f752eb22e6af329649f7356d07114,MATCH,MATCH,false
paper_final/evidence_freeze_20260724/nominal/cases/p24_integrator/p24_integrator.yaml,291df0cecca60f47a118b4ed64428923abf391d2,291df0cecca60f47a118b4ed64428923abf391d2,291df0cecca60f47a118b4ed64428923abf391d2,MATCH,MATCH,false
paper_final/evidence_freeze_20260724/nominal/cases/p24_integrator/provenance.json,dcc9467a8c91023f1cc86cbb0582f7011dcc1053,dcc9467a8c91023f1cc86cbb0582f7011dcc1053,dcc9467a8c91023f1cc86cbb0582f7011dcc1053,MATCH,MATCH,false
paper_final/evidence_freeze_20260724/nominal/cases/p24_integrator/report.json,53113c7ccf028d0fdc43888ddc0b9a9b2a496fe8,53113c7ccf028d0fdc43888ddc0b9a9b2a496fe8,53113c7ccf028d0fdc43888ddc0b9a9b2a496fe8,MATCH,MATCH,false
paper_final/evidence_freeze_20260724/nominal/cases/p24_integrator/stderr.txt,c888f27a5570232065fe12e053a1fb44b3e626ff,c888f27a5570232065fe12e053a1fb44b3e626ff,c888f27a5570232065fe12e053a1fb44b3e626ff,MATCH,MATCH,false
paper_final/evidence_freeze_20260724/nominal/cases/p24_integrator/stdout.txt,e69de29bb2d1d6434b8b29ae775ad8c2e48c5391,e69de29bb2d1d6434b8b29ae775ad8c2e48c5391,e69de29bb2d1d6434b8b29ae775ad8c2e48c5391,MATCH,MATCH,false
paper_final/evidence_freeze_20260724/nominal/cases/p25_differentiator/command.txt,c51e4e200567f0e5907e1f7ba1c91ab4a576f7a3,c51e4e200567f0e5907e1f7ba1c91ab4a576f7a3,c51e4e200567f0e5907e1f7ba1c91ab4a576f7a3,MATCH,MATCH,false
paper_final/evidence_freeze_20260724/nominal/cases/p25_differentiator/metric_traces.json,e97b1b74370188e96dbe698dd4ec48efed649ae7,e97b1b74370188e96dbe698dd4ec48efed649ae7,e97b1b74370188e96dbe698dd4ec48efed649ae7,MATCH,MATCH,false
paper_final/evidence_freeze_20260724/nominal/cases/p25_differentiator/metrics.json,8252952bc6035f692d36d6ed21f6b45c8b3bd957,8252952bc6035f692d36d6ed21f6b45c8b3bd957,8252952bc6035f692d36d6ed21f6b45c8b3bd957,MATCH,MATCH,false
paper_final/evidence_freeze_20260724/nominal/cases/p25_differentiator/p25_differentiator.cir,0c679f6f9144577558c562d29eeebe359354a0ac,0c679f6f9144577558c562d29eeebe359354a0ac,0c679f6f9144577558c562d29eeebe359354a0ac,MATCH,MATCH,false
paper_final/evidence_freeze_20260724/nominal/cases/p25_differentiator/p25_differentiator.yaml,8aa5629d62c15b666a639a13ae1ca454394d4bce,8aa5629d62c15b666a639a13ae1ca454394d4bce,8aa5629d62c15b666a639a13ae1ca454394d4bce,MATCH,MATCH,false
paper_final/evidence_freeze_20260724/nominal/cases/p25_differentiator/provenance.json,37cd87a223edd991f810296f0e94b285a4f1d1e1,37cd87a223edd991f810296f0e94b285a4f1d1e1,37cd87a223edd991f810296f0e94b285a4f1d1e1,MATCH,MATCH,false
paper_final/evidence_freeze_20260724/nominal/cases/p25_differentiator/report.json,f59c4e9dcc87a90ebf91baa32d3f2dae09a7df11,f59c4e9dcc87a90ebf91baa32d3f2dae09a7df11,f59c4e9dcc87a90ebf91baa32d3f2dae09a7df11,MATCH,MATCH,false
paper_final/evidence_freeze_20260724/nominal/cases/p25_differentiator/stderr.txt,c888f27a5570232065fe12e053a1fb44b3e626ff,c888f27a5570232065fe12e053a1fb44b3e626ff,c888f27a5570232065fe12e053a1fb44b3e626ff,MATCH,MATCH,false
paper_final/evidence_freeze_20260724/nominal/cases/p25_differentiator/stdout.txt,e69de29bb2d1d6434b8b29ae775ad8c2e48c5391,e69de29bb2d1d6434b8b29ae775ad8c2e48c5391,e69de29bb2d1d6434b8b29ae775ad8c2e48c5391,MATCH,MATCH,false
paper_final/evidence_freeze_20260724/nominal/cases/p26_adder/command.txt,a9236cdeae18743b749edaa399f26e2aae76f7d1,a9236cdeae18743b749edaa399f26e2aae76f7d1,a9236cdeae18743b749edaa399f26e2aae76f7d1,MATCH,MATCH,false
paper_final/evidence_freeze_20260724/nominal/cases/p26_adder/metric_traces.json,498bc529ede2e0f41464b65080d444f185d55240,498bc529ede2e0f41464b65080d444f185d55240,498bc529ede2e0f41464b65080d444f185d55240,MATCH,MATCH,false
paper_final/evidence_freeze_20260724/nominal/cases/p26_adder/metrics.json,78edc8a8f4c7aca5869b7a0fe23730dec9cd5f1c,78edc8a8f4c7aca5869b7a0fe23730dec9cd5f1c,78edc8a8f4c7aca5869b7a0fe23730dec9cd5f1c,MATCH,MATCH,false
paper_final/evidence_freeze_20260724/nominal/cases/p26_adder/p26_adder.cir,a18d4f936d852e44515860887a1bd16fb3161ea6,a18d4f936d852e44515860887a1bd16fb3161ea6,a18d4f936d852e44515860887a1bd16fb3161ea6,MATCH,MATCH,false
paper_final/evidence_freeze_20260724/nominal/cases/p26_adder/p26_adder.yaml,2c5233686da8e61308ad801d2a8bbbc94d43e774,2c5233686da8e61308ad801d2a8bbbc94d43e774,2c5233686da8e61308ad801d2a8bbbc94d43e774,MATCH,MATCH,false
paper_final/evidence_freeze_20260724/nominal/cases/p26_adder/provenance.json,b57675dbc5e03fac37014902161a2cffa9e03f7c,b57675dbc5e03fac37014902161a2cffa9e03f7c,b57675dbc5e03fac37014902161a2cffa9e03f7c,MATCH,MATCH,false
paper_final/evidence_freeze_20260724/nominal/cases/p26_adder/report.json,6f6bae51038fabaf62753d600e3cd36acbfc3195,6f6bae51038fabaf62753d600e3cd36acbfc3195,6f6bae51038fabaf62753d600e3cd36acbfc3195,MATCH,MATCH,false
paper_final/evidence_freeze_20260724/nominal/cases/p26_adder/stderr.txt,c888f27a5570232065fe12e053a1fb44b3e626ff,c888f27a5570232065fe12e053a1fb44b3e626ff,c888f27a5570232065fe12e053a1fb44b3e626ff,MATCH,MATCH,false
paper_final/evidence_freeze_20260724/nominal/cases/p26_adder/stdout.txt,e69de29bb2d1d6434b8b29ae775ad8c2e48c5391,e69de29bb2d1d6434b8b29ae775ad8c2e48c5391,e69de29bb2d1d6434b8b29ae775ad8c2e48c5391,MATCH,MATCH,false
paper_final/evidence_freeze_20260724/nominal/cases/p27_subtractor/command.txt,d12f5ace7ea1bdb0d71bcfd718a936193be7b561,d12f5ace7ea1bdb0d71bcfd718a936193be7b561,d12f5ace7ea1bdb0d71bcfd718a936193be7b561,MATCH,MATCH,false
paper_final/evidence_freeze_20260724/nominal/cases/p27_subtractor/metric_traces.json,8ca84fb802f2e7b7978b888654312c27b1c7f9e4,8ca84fb802f2e7b7978b888654312c27b1c7f9e4,8ca84fb802f2e7b7978b888654312c27b1c7f9e4,MATCH,MATCH,false
paper_final/evidence_freeze_20260724/nominal/cases/p27_subtractor/metrics.json,b80c036289d3476af7a5d1a858770a45374e0497,b80c036289d3476af7a5d1a858770a45374e0497,b80c036289d3476af7a5d1a858770a45374e0497,MATCH,MATCH,false
paper_final/evidence_freeze_20260724/nominal/cases/p27_subtractor/p27_subtractor.cir,6dfce9be0f6685835d870a2c01358d477347560f,6dfce9be0f6685835d870a2c01358d477347560f,6dfce9be0f6685835d870a2c01358d477347560f,MATCH,MATCH,false
paper_final/evidence_freeze_20260724/nominal/cases/p27_subtractor/p27_subtractor.yaml,fce0d7e74a20ed5fe7b028adaf1f938a20cb893f,fce0d7e74a20ed5fe7b028adaf1f938a20cb893f,fce0d7e74a20ed5fe7b028adaf1f938a20cb893f,MATCH,MATCH,false
paper_final/evidence_freeze_20260724/nominal/cases/p27_subtractor/provenance.json,c5ba567d85299f5ed18860c2d09430398ad6f47a,c5ba567d85299f5ed18860c2d09430398ad6f47a,c5ba567d85299f5ed18860c2d09430398ad6f47a,MATCH,MATCH,false
paper_final/evidence_freeze_20260724/nominal/cases/p27_subtractor/report.json,38a66d2c6ba99cddaf567647b2b4a764749c0512,38a66d2c6ba99cddaf567647b2b4a764749c0512,38a66d2c6ba99cddaf567647b2b4a764749c0512,MATCH,MATCH,false
paper_final/evidence_freeze_20260724/nominal/cases/p27_subtractor/stderr.txt,c888f27a5570232065fe12e053a1fb44b3e626ff,c888f27a5570232065fe12e053a1fb44b3e626ff,c888f27a5570232065fe12e053a1fb44b3e626ff,MATCH,MATCH,false
paper_final/evidence_freeze_20260724/nominal/cases/p27_subtractor/stdout.txt,e69de29bb2d1d6434b8b29ae775ad8c2e48c5391,e69de29bb2d1d6434b8b29ae775ad8c2e48c5391,e69de29bb2d1d6434b8b29ae775ad8c2e48c5391,MATCH,MATCH,false
paper_final/evidence_freeze_20260724/nominal/cases/p28_schmitt/command.txt,de11a4cdba0627ac682a2697ba6ee2324b689f0c,de11a4cdba0627ac682a2697ba6ee2324b689f0c,de11a4cdba0627ac682a2697ba6ee2324b689f0c,MATCH,MATCH,false
paper_final/evidence_freeze_20260724/nominal/cases/p28_schmitt/metric_traces.json,0de9ac0747be0b9f9d83feffb851df13dd6f343c,0de9ac0747be0b9f9d83feffb851df13dd6f343c,0de9ac0747be0b9f9d83feffb851df13dd6f343c,MATCH,MATCH,false
paper_final/evidence_freeze_20260724/nominal/cases/p28_schmitt/metrics.json,8d0d1bb3798561bef23508555c4489c839d13d04,8d0d1bb3798561bef23508555c4489c839d13d04,8d0d1bb3798561bef23508555c4489c839d13d04,MATCH,MATCH,false
paper_final/evidence_freeze_20260724/nominal/cases/p28_schmitt/p28_schmitt.cir,8771c25a1674b092be30574648f13ba71bdda222,8771c25a1674b092be30574648f13ba71bdda222,8771c25a1674b092be30574648f13ba71bdda222,MATCH,MATCH,false
paper_final/evidence_freeze_20260724/nominal/cases/p28_schmitt/p28_schmitt.yaml,7060d84c99fbe80b0f1312345c461463843891f3,7060d84c99fbe80b0f1312345c461463843891f3,7060d84c99fbe80b0f1312345c461463843891f3,MATCH,MATCH,false
paper_final/evidence_freeze_20260724/nominal/cases/p28_schmitt/provenance.json,f4c328a57259b8baf6034a30623c569a5767e47a,f4c328a57259b8baf6034a30623c569a5767e47a,f4c328a57259b8baf6034a30623c569a5767e47a,MATCH,MATCH,false
paper_final/evidence_freeze_20260724/nominal/cases/p28_schmitt/report.json,ad750f064a4a73ee56fb22046f79c9831d8b2807,ad750f064a4a73ee56fb22046f79c9831d8b2807,ad750f064a4a73ee56fb22046f79c9831d8b2807,MATCH,MATCH,false
paper_final/evidence_freeze_20260724/nominal/cases/p28_schmitt/stderr.txt,c888f27a5570232065fe12e053a1fb44b3e626ff,c888f27a5570232065fe12e053a1fb44b3e626ff,c888f27a5570232065fe12e053a1fb44b3e626ff,MATCH,MATCH,false
paper_final/evidence_freeze_20260724/nominal/cases/p28_schmitt/stdout.txt,e69de29bb2d1d6434b8b29ae775ad8c2e48c5391,e69de29bb2d1d6434b8b29ae775ad8c2e48c5391,e69de29bb2d1d6434b8b29ae775ad8c2e48c5391,MATCH,MATCH,false
paper_final/evidence_freeze_20260724/nominal/freeze_manifest.json,4933f714bdc835bdcc581695bc4a93d0cee4330f,4933f714bdc835bdcc581695bc4a93d0cee4330f,4933f714bdc835bdcc581695bc4a93d0cee4330f,MATCH,MATCH,false
paper_final/evidence_freeze_20260724/nominal/metric_results.csv,56ecb6f524aae55cd83fc6e11b603882bbc2c29f,56ecb6f524aae55cd83fc6e11b603882bbc2c29f,56ecb6f524aae55cd83fc6e11b603882bbc2c29f,MATCH,MATCH,false
paper_final/evidence_freeze_20260724/nominal/nominal_summary.csv,1dad4bdad0800d59a206d50382a0ade68e5f279b,1dad4bdad0800d59a206d50382a0ade68e5f279b,1dad4bdad0800d59a206d50382a0ade68e5f279b,MATCH,MATCH,false
paper_final/evidence_freeze_20260724/nominal/nominal_summary.json,f1047c8d5a2b522a378d8f3b28de2b6e92a2951d,f1047c8d5a2b522a378d8f3b28de2b6e92a2951d,f1047c8d5a2b522a378d8f3b28de2b6e92a2951d,MATCH,MATCH,false
paper_final/evidence_freeze_20260724/nominal/simulability_vs_compliance.csv,2c944ec37e377172269eb892b210e2028d88158d,2c944ec37e377172269eb892b210e2028d88158d,2c944ec37e377172269eb892b210e2028d88158d,MATCH,MATCH,false
paper_final/evidence_freeze_20260724/support/environment.json,38ff1e6e4ed796ced36ddc2f31a6d8ac081e77b8,38ff1e6e4ed796ced36ddc2f31a6d8ac081e77b8,38ff1e6e4ed796ced36ddc2f31a6d8ac081e77b8,MATCH,MATCH,false
paper_final/evidence_freeze_20260724/tests/python_m_pytest_q.txt,73e07b50e8b4b79cfe52fd418fb511e240426446,73e07b50e8b4b79cfe52fd418fb511e240426446,73e07b50e8b4b79cfe52fd418fb511e240426446,MATCH,MATCH,false
paper_final/evidence_freeze_20260724/tests/python_m_pytest_q_ngspice.txt,847397cc8785c2c386f3dfd3ef6162c3a13d6f1e,847397cc8785c2c386f3dfd3ef6162c3a13d6f1e,847397cc8785c2c386f3dfd3ef6162c3a13d6f1e,MATCH,MATCH,false
paper_final/evidence_freeze_20260724/tests/python_m_pytest_q_ngspice_no_pyspice.txt,a850609599c83b019fe976da8ab1203317de1ac1,a850609599c83b019fe976da8ab1203317de1ac1,a850609599c83b019fe976da8ab1203317de1ac1,MATCH,MATCH,false
paper_final/evidence_freeze_20260724/tests/test_results.json,6b3082b3c25a8601cc34436617490fb4ad364b05,6b3082b3c25a8601cc34436617490fb4ad364b05,6b3082b3c25a8601cc34436617490fb4ad364b05,MATCH,MATCH,false
paper_final/figures/framework_architecture_spec.md,fd788ea62b6fd711d59ef483fdbc6ab61903043b,fd788ea62b6fd711d59ef483fdbc6ab61903043b,fd788ea62b6fd711d59ef483fdbc6ab61903043b,MATCH,MATCH,false
paper_final/figures/results_figure_plan.md,c6fa824617ce3711cbe6ab57564ec77ff78f1a8d,c6fa824617ce3711cbe6ab57564ec77ff78f1a8d,c6fa824617ce3711cbe6ab57564ec77ff78f1a8d,MATCH,MATCH,false
paper_final/figures_and_tables_plan.md,e3f258a1feea755428f0edb6a2c031bfb4ed50bb,e3f258a1feea755428f0edb6a2c031bfb4ed50bb,e3f258a1feea755428f0edb6a2c031bfb4ed50bb,MATCH,MATCH,false
paper_final/final_claim_evidence_matrix.csv,4ac754ec89abe49eea135297ef695802b12b05a2,4ac754ec89abe49eea135297ef695802b12b05a2,4ac754ec89abe49eea135297ef695802b12b05a2,MATCH,MATCH,false
paper_final/final_consistency_report.md,9885e58b8d4917aa1730269e8477a0a93b79acc2,9885e58b8d4917aa1730269e8477a0a93b79acc2,9885e58b8d4917aa1730269e8477a0a93b79acc2,MATCH,MATCH,false
paper_final/main.tex,1cbc756bdc157d4a8ede0cb264687b284fd1dd0c,5393485ab7e01a1d340579e261df52a6398227c2,5393485ab7e01a1d340579e261df52a6398227c2,BLOB_MISMATCH,MATCH,true
paper_final/manuscript_correction_matrix.md,10421cebf7391fc618e942aeaf52a05e6c8af39c,10421cebf7391fc618e942aeaf52a05e6c8af39c,10421cebf7391fc618e942aeaf52a05e6c8af39c,MATCH,MATCH,false
paper_final/manuscript_rewrite_constraints.md,1f637cd06bdf512f21d92c7fdc50febc1c6f2b2c,1f637cd06bdf512f21d92c7fdc50febc1c6f2b2c,1f637cd06bdf512f21d92c7fdc50febc1c6f2b2c,MATCH,MATCH,false
paper_final/method_claim_evidence_map.csv,9a6fa445fcecd710032536e1e329d07dc529fa20,9a6fa445fcecd710032536e1e329d07dc529fa20,9a6fa445fcecd710032536e1e329d07dc529fa20,MATCH,MATCH,false
paper_final/missing_references.md,569374514d034d7b50341e6f622bba6887980c19,569374514d034d7b50341e6f622bba6887980c19,569374514d034d7b50341e6f622bba6887980c19,MATCH,MATCH,false
paper_final/obsolete_claims.csv,30a57ec9dd6d2666f9244cc313aa87a393b86fa5,30a57ec9dd6d2666f9244cc313aa87a393b86fa5,30a57ec9dd6d2666f9244cc313aa87a393b86fa5,MATCH,MATCH,false
paper_final/old_vs_new_paper_changes.md,69fa4259f4e1d62d7e2415c3e6c7f8d9066fafd4,69fa4259f4e1d62d7e2415c3e6c7f8d9066fafd4,69fa4259f4e1d62d7e2415c3e6c7f8d9066fafd4,MATCH,MATCH,false
paper_final/reference_claim_matrix.csv,7dee40df3a35a682be854b579886581cd6b4217f,7dee40df3a35a682be854b579886581cd6b4217f,7dee40df3a35a682be854b579886581cd6b4217f,MATCH,MATCH,false
paper_final/references_revised.bib,8a4803a3ef6832181b738409acbbdec4603eda82,8a4803a3ef6832181b738409acbbdec4603eda82,8a4803a3ef6832181b738409acbbdec4603eda82,MATCH,MATCH,true
paper_final/sections/experimental_methodology.tex,eb415fcf57f0633273f1ca4c60faee5540433463,587170f33ec0f7051fcc59baf998f4934abfa199,587170f33ec0f7051fcc59baf998f4934abfa199,BLOB_MISMATCH,MATCH,true
paper_final/sections/method_revised.tex,458cc8b32b7cd01d90142e31f845924272aafc15,f8f2d910f38f11f66c1d09236d3f9a9ce5dcab51,f8f2d910f38f11f66c1d09236d3f9a9ce5dcab51,BLOB_MISMATCH,MATCH,true
paper_final/sections/results_revised.tex,51bc5b6aa24c25f0c8f5afc080387543fae70680,cc5eafb1b898c3423ee53e7aca611458113a906a,cc5eafb1b898c3423ee53e7aca611458113a906a,BLOB_MISMATCH,MATCH,true
paper_final/tables/results_tables.tex,594dacc9aee8c4ac060f812236a624d01f82ef69,12624a5fb0891d0c5995aa33d7484a33fa0b9652,12624a5fb0891d0c5995aa33d7484a33fa0b9652,BLOB_MISMATCH,MATCH,true
